Interval Start,Interval End,Coast,East,Far West,North,North Central,South,South Central,West,ERCOT
2026-01-24 00:00:00-06:00,2026-01-24 01:00:00-06:00,11487.47489,2074.240709,7411.36818,2265.253951,17986.377179,3529.530364,7135.270654,1647.47747,53536.993397
2026-01-24 01:00:00-06:00,2026-01-24 02:00:00-06:00,11170.70599,2068.709331,7381.651521,2266.771365,17848.73927,3412.619124,7084.771042,1629.466388,52863.43403
2026-01-24 02:00:00-06:00,2026-01-24 03:00:00-06:00,10927.516785,2084.215626,7281.732723,2276.212741,17813.872146,3361.386462,7134.376795,1641.331101,52520.64438
2026-01-24 03:00:00-06:00,2026-01-24 04:00:00-06:00,10777.494697,2120.131394,7087.278089,2261.912846,17894.862131,3390.724444,7393.553291,1649.403216,52575.360107
2026-01-24 04:00:00-06:00,2026-01-24 05:00:00-06:00,10713.134881,2141.8666,6985.855874,2265.797715,18170.055174,3324.966199,7772.466544,1684.180232,53058.323219
2026-01-24 05:00:00-06:00,2026-01-24 06:00:00-06:00,10856.856141,2236.498291,6822.471228,2303.306571,18964.35488,3379.248817,8234.332639,1738.050418,54535.118985
2026-01-24 06:00:00-06:00,2026-01-24 07:00:00-06:00,11147.574094,2312.934067,6605.598834,2339.140294,19933.707778,3454.22952,8786.305377,1769.485017,56348.974981
2026-01-24 07:00:00-06:00,2026-01-24 08:00:00-06:00,11520.92683,2380.646549,6489.728695,2372.799108,20970.085383,3526.564956,9448.049917,1827.829563,58536.631
2026-01-24 08:00:00-06:00,2026-01-24 09:00:00-06:00,11944.15553,2426.808241,6406.593811,2174.181414,21743.757133,3609.284613,10130.208367,1867.828148,60302.817257
2026-01-24 09:00:00-06:00,2026-01-24 10:00:00-06:00,12430.60172,2436.177481,6349.729986,1835.420775,22041.815091,3847.137447,10702.481873,1880.498874,61523.863246
2026-01-24 10:00:00-06:00,2026-01-24 11:00:00-06:00,12976.275882,2479.043568,6319.784491,1844.060435,22463.407647,4038.554832,11089.112697,1902.300472,63112.540024
2026-01-24 11:00:00-06:00,2026-01-24 12:00:00-06:00,13427.06876,2495.923819,6297.895936,1842.363249,22790.468183,4231.358326,11274.741844,1927.66053,64287.480648
2026-01-24 12:00:00-06:00,2026-01-24 13:00:00-06:00,13763.449019,2497.132332,6318.273062,1830.086098,23121.615608,4196.680081,11543.941663,1922.858668,65194.036533
2026-01-24 13:00:00-06:00,2026-01-24 14:00:00-06:00,13977.034721,2502.961717,6269.757593,1815.195782,23171.309642,4218.993874,11711.845211,1909.160106,65576.258646
2026-01-24 14:00:00-06:00,2026-01-24 15:00:00-06:00,14141.292227,2521.387816,6293.539258,1810.344969,23170.396893,4263.968108,11870.088583,1915.649683,65986.667537
2026-01-24 15:00:00-06:00,2026-01-24 16:00:00-06:00,14289.882291,2516.200759,6317.516328,1823.550692,23324.215797,4272.150313,12132.850117,1935.56268,66611.928977
2026-01-24 16:00:00-06:00,2026-01-24 17:00:00-06:00,14487.834653,2577.304943,6302.069956,1848.513466,23625.345232,4272.006893,12448.082615,1945.915877,67507.073635
2026-01-24 17:00:00-06:00,2026-01-24 18:00:00-06:00,14780.082572,2619.837341,6298.945004,1880.226445,24183.805864,4471.43531,12806.512849,1999.605052,69040.450437
2026-01-24 18:00:00-06:00,2026-01-24 19:00:00-06:00,15155.189827,2688.637065,6324.479226,1921.998731,24607.630217,4595.445904,13155.093099,2074.037598,70522.511668
2026-01-24 19:00:00-06:00,2026-01-24 20:00:00-06:00,15137.440963,2701.871912,6275.578252,1906.701425,24570.261331,4666.223084,13181.589237,2059.425733,70499.091938
2026-01-24 20:00:00-06:00,2026-01-24 21:00:00-06:00,15089.618168,2711.889293,6143.564328,1868.694497,24636.633723,4666.090725,13183.130849,2056.446715,70356.068299
2026-01-24 21:00:00-06:00,2026-01-24 22:00:00-06:00,14932.906079,2683.164595,6109.979543,1854.269558,24353.478907,4819.724345,13102.078725,2031.014782,69886.616534
2026-01-24 22:00:00-06:00,2026-01-24 23:00:00-06:00,14660.822976,2643.756448,6108.086185,1845.696701,23943.816184,4801.295308,12716.267855,1971.596445,68691.338101
2026-01-24 23:00:00-06:00,2026-01-25 00:00:00-06:00,14418.676699,2634.282373,6090.826483,2087.783086,23552.841087,4668.982648,12260.135324,1940.351851,67653.879552
2026-01-25 00:00:00-06:00,2026-01-25 01:00:00-06:00,14331.613788,2624.159778,6012.725201,2041.325356,23417.804063,4563.445153,12050.674852,1936.32555,66978.073741
2026-01-25 01:00:00-06:00,2026-01-25 02:00:00-06:00,14193.410783,2603.956393,5957.246506,1801.973239,23359.796628,4602.727211,11822.617066,1931.193535,66272.92136
2026-01-25 02:00:00-06:00,2026-01-25 03:00:00-06:00,14207.101102,2609.212616,5898.425732,1815.388709,23411.792621,4609.405291,11732.385932,1933.119963,66216.831966
2026-01-25 03:00:00-06:00,2026-01-25 04:00:00-06:00,14284.487379,2622.931187,5874.246843,1806.089115,23666.040273,4631.95087,11938.026785,1946.555937,66770.328389
2026-01-25 04:00:00-06:00,2026-01-25 05:00:00-06:00,14419.530216,2661.848846,5832.549555,1827.139627,24105.479279,4617.157887,12251.380347,1951.998933,67667.08469
2026-01-25 05:00:00-06:00,2026-01-25 06:00:00-06:00,14615.171647,2717.117665,5768.826881,1849.177587,24511.378832,4727.928898,12523.2616,1991.699572,68704.562682
2026-01-25 06:00:00-06:00,2026-01-25 07:00:00-06:00,14794.286591,2776.076227,5778.37329,1869.992894,24877.052846,5011.756555,13008.282082,2020.57477,70136.395256
2026-01-25 07:00:00-06:00,2026-01-25 08:00:00-06:00,15016.631106,2862.603114,5747.020767,1879.945924,25156.261352,5232.861645,13464.62173,2019.580016,71379.525654
2026-01-25 08:00:00-06:00,2026-01-25 09:00:00-06:00,15277.541975,2921.331249,5674.936844,1881.44957,25225.786603,5399.50955,13627.732607,2008.987603,72017.276001
2026-01-25 09:00:00-06:00,2026-01-25 10:00:00-06:00,15826.759258,2947.843214,5678.826319,1899.052171,25318.162381,5549.170205,13717.446581,2019.094051,72956.354181
2026-01-25 10:00:00-06:00,2026-01-25 11:00:00-06:00,16186.902652,2963.288202,5646.947148,2316.977975,25223.167888,5591.309679,13630.938924,1974.213528,73533.745998
2026-01-25 11:00:00-06:00,2026-01-25 12:00:00-06:00,16327.662257,2988.742818,5550.913687,2316.463844,24833.620159,5466.512039,13279.18228,1934.758239,72697.855323
2026-01-25 12:00:00-06:00,2026-01-25 13:00:00-06:00,16428.724102,2986.943568,5542.845016,2336.001569,24303.41133,5336.163024,12917.108096,1900.499137,71751.695842
2026-01-25 13:00:00-06:00,2026-01-25 14:00:00-06:00,16384.141944,2956.759013,5517.659232,2304.908356,24008.787714,5201.529404,12658.437394,1859.560468,70891.783526
2026-01-25 14:00:00-06:00,2026-01-25 15:00:00-06:00,16466.805693,2971.708872,5468.311795,2251.805735,23793.17082,5022.544903,12581.844309,1838.343485,70394.535613
2026-01-25 15:00:00-06:00,2026-01-25 16:00:00-06:00,16598.848888,2990.81525,5437.583856,2065.525016,23766.789172,4963.236529,12427.783022,1822.051526,70072.633259
2026-01-25 16:00:00-06:00,2026-01-25 17:00:00-06:00,16849.299044,3020.740275,5442.86949,1753.241103,24020.677899,4965.585842,12609.440832,1851.697728,70513.552213
2026-01-25 17:00:00-06:00,2026-01-25 18:00:00-06:00,17324.241593,3089.019202,5451.664974,1799.190732,24521.340459,5206.669286,13163.677206,1873.718066,72429.521517
2026-01-25 18:00:00-06:00,2026-01-25 19:00:00-06:00,17598.640435,3135.964501,5558.38112,1828.333337,24994.744562,5536.99634,13694.092474,1940.573494,74287.726262
2026-01-25 19:00:00-06:00,2026-01-25 20:00:00-06:00,17578.692956,3106.331299,5593.913728,1814.76705,24631.668392,5683.819076,13795.117458,1957.635987,74161.945945
2026-01-25 20:00:00-06:00,2026-01-25 21:00:00-06:00,17574.034884,3084.239796,5623.005405,1797.776997,24270.01714,5765.770535,13748.016827,1958.421127,73821.282711
2026-01-25 21:00:00-06:00,2026-01-25 22:00:00-06:00,17490.166976,3030.367103,5603.010668,1787.681742,23890.783502,5738.969533,13623.148761,1964.115668,73128.243952
2026-01-25 22:00:00-06:00,2026-01-25 23:00:00-06:00,17157.476199,2926.741449,5557.200215,1747.92582,23249.4398,5651.005949,13321.636958,1937.877542,71549.303931
2026-01-25 23:00:00-06:00,2026-01-26 00:00:00-06:00,16791.153113,2866.710477,5510.712282,1736.995033,22864.961163,5623.807855,13156.112199,1936.942397,70487.39452
2026-01-26 00:00:00-06:00,2026-01-26 01:00:00-06:00,16446.654126,2849.846782,5480.910981,1741.008985,22815.403471,5374.518137,13049.432982,2111.087027,69868.862491
2026-01-26 01:00:00-06:00,2026-01-26 02:00:00-06:00,16283.500103,2834.19792,5428.645066,1744.086402,22951.951855,5335.158763,13044.107419,2132.840746,69754.488275
2026-01-26 02:00:00-06:00,2026-01-26 03:00:00-06:00,16133.350452,2834.819101,5400.929487,1743.424115,23053.191297,5462.764929,13042.905393,2170.222925,69841.607701
2026-01-26 03:00:00-06:00,2026-01-26 04:00:00-06:00,16093.109476,2870.791588,5347.560189,1761.465487,23207.911,5552.06637,13149.63262,2176.208523,70158.745253
2026-01-26 04:00:00-06:00,2026-01-26 05:00:00-06:00,16170.439018,2934.261648,5277.285489,1779.661437,23447.782488,5676.721761,13390.541416,2199.970755,70876.664012
2026-01-26 05:00:00-06:00,2026-01-26 06:00:00-06:00,16419.592671,2980.334195,5240.254261,1808.751733,23971.918099,5904.269738,13747.063333,2236.665915,72308.849945
2026-01-26 06:00:00-06:00,2026-01-26 07:00:00-06:00,16746.012946,3052.559532,5229.720583,1929.749047,24375.042957,6225.174678,14194.045451,2293.780138,74046.085333
2026-01-26 07:00:00-06:00,2026-01-26 08:00:00-06:00,17125.319046,3128.38613,5204.910793,1867.853295,24595.60775,6485.629015,14447.763582,2320.512953,75175.982564
2026-01-26 08:00:00-06:00,2026-01-26 09:00:00-06:00,17478.651314,3122.961405,5121.35882,1858.729612,25003.100901,6491.046074,14220.19877,2275.523191,75571.570086
2026-01-26 09:00:00-06:00,2026-01-26 10:00:00-06:00,17726.8214,3038.844974,5106.568196,1849.352682,24517.90183,6277.572858,13628.366451,2203.415443,74348.843833
2026-01-26 10:00:00-06:00,2026-01-26 11:00:00-06:00,17747.61624,2921.390165,5155.520687,2115.49169,23401.869154,6028.837724,13016.05569,2123.928911,72510.710261
2026-01-26 11:00:00-06:00,2026-01-26 12:00:00-06:00,17367.337082,2848.096887,5197.475237,2190.317552,22237.487819,5596.569196,12367.95116,1998.967323,69804.202254
2026-01-26 12:00:00-06:00,2026-01-26 13:00:00-06:00,16712.489137,2755.061824,5289.382061,2124.023499,21109.132531,5216.038936,11768.769841,1924.85778,66899.755609
2026-01-26 13:00:00-06:00,2026-01-26 14:00:00-06:00,16108.45987,2613.239743,5269.105184,2045.847432,19943.901229,4909.327441,11194.100756,1858.373286,63942.35494
2026-01-26 14:00:00-06:00,2026-01-26 15:00:00-06:00,15553.402438,2499.742155,5289.248832,2000.976826,19149.610102,4682.424608,10732.009142,1750.889132,61658.303236
2026-01-26 15:00:00-06:00,2026-01-26 16:00:00-06:00,15202.592669,2411.027521,5351.96726,1990.963253,18526.347525,4472.695169,10498.490392,1713.636833,60167.720623
2026-01-26 16:00:00-06:00,2026-01-26 17:00:00-06:00,15178.032705,2401.299415,5344.287115,1977.280285,18616.05648,4422.791364,10613.925644,1735.763175,60289.436182
2026-01-26 17:00:00-06:00,2026-01-26 18:00:00-06:00,15608.755962,2447.239857,5014.92422,1993.181902,19448.577096,4598.964379,11207.508532,1765.109576,62084.261525
2026-01-26 18:00:00-06:00,2026-01-26 19:00:00-06:00,16446.40589,2606.139297,5093.790286,1660.528431,20611.387997,5105.969337,12150.173697,1878.005025,65552.399961
2026-01-26 19:00:00-06:00,2026-01-26 20:00:00-06:00,16755.252899,2674.209932,5211.267081,1641.897433,21011.11968,5370.654722,12536.178724,1937.977296,67138.557766
2026-01-26 20:00:00-06:00,2026-01-26 21:00:00-06:00,16834.463033,2708.852095,5224.454511,1644.449105,21129.754724,5564.740393,12704.446735,1959.618826,67770.779422
2026-01-26 21:00:00-06:00,2026-01-26 22:00:00-06:00,16742.22545,2718.335173,5257.454024,1632.681572,21096.881198,5579.773427,12661.457494,1981.586833,67670.395172
2026-01-26 22:00:00-06:00,2026-01-26 23:00:00-06:00,16365.830118,2684.5017,5251.441384,1609.649984,20797.223283,5487.021814,12420.792189,1960.064292,66576.524765
2026-01-26 23:00:00-06:00,2026-01-27 00:00:00-06:00,16056.499774,2676.122749,5249.447485,1752.468741,20588.233524,5398.893893,12256.398727,1958.7214,65936.786293
2026-01-27 00:00:00-06:00,2026-01-27 01:00:00-06:00,15840.412143,2685.798094,5273.34812,2039.836332,20518.382362,5401.598438,12061.454244,1900.062618,65720.892351
2026-01-27 01:00:00-06:00,2026-01-27 02:00:00-06:00,15759.214222,2716.302142,5292.795026,2085.315976,20594.851864,5412.451949,12124.914602,1890.842298,65876.688078
2026-01-27 02:00:00-06:00,2026-01-27 03:00:00-06:00,15754.163899,2751.733534,5298.544029,2090.372768,20614.533587,5478.699094,12229.72557,1894.093711,66111.866192
2026-01-27 03:00:00-06:00,2026-01-27 04:00:00-06:00,15875.931628,2781.824772,5414.210631,2102.232799,20628.703922,5552.699636,12427.889674,1914.220516,66697.713576
2026-01-27 04:00:00-06:00,2026-01-27 05:00:00-06:00,16178.748348,2836.492255,5461.789119,2121.677517,21005.187159,5690.187971,12765.524507,1939.188292,67998.795169
2026-01-27 05:00:00-06:00,2026-01-27 06:00:00-06:00,16754.717979,2939.065208,5473.149643,2152.895936,21561.421811,5929.11878,13291.578476,1982.174402,70084.122236
2026-01-27 06:00:00-06:00,2026-01-27 07:00:00-06:00,17482.354913,3028.652182,5489.774512,2200.997334,22255.962454,6209.06551,13965.228843,2068.317837,72700.353584
2026-01-27 07:00:00-06:00,2026-01-27 08:00:00-06:00,17715.237795,3134.082665,5441.307914,2246.457003,22990.524734,6433.170042,14312.44285,2096.364793,74369.587797
2026-01-27 08:00:00-06:00,2026-01-27 09:00:00-06:00,17324.765753,3083.393969,5395.072272,2258.957618,23054.685162,6224.475757,13813.009504,2029.169088,73183.529123
2026-01-27 09:00:00-06:00,2026-01-27 10:00:00-06:00,16621.712074,2893.530468,5730.821641,2208.92561,22043.918825,5669.122421,12800.845292,1942.445936,69911.322267
2026-01-27 10:00:00-06:00,2026-01-27 11:00:00-06:00,15881.496714,2731.184509,5743.312052,2165.61702,21164.246421,5180.503238,11812.446787,1862.877935,66541.684676
2026-01-27 11:00:00-06:00,2026-01-27 12:00:00-06:00,15172.817151,2575.578911,5824.44737,2138.410181,20266.735052,4692.791214,10947.987677,1760.756974,63379.52453
2026-01-27 12:00:00-06:00,2026-01-27 13:00:00-06:00,14528.808046,2455.885194,5896.182529,2133.363308,19559.618763,4279.807252,10354.574949,1719.178948,60927.41899
2026-01-27 13:00:00-06:00,2026-01-27 14:00:00-06:00,14012.365467,2358.134581,5893.70364,2081.640266,18861.422731,3942.127129,9868.889662,1641.619624,58659.903099
2026-01-27 14:00:00-06:00,2026-01-27 15:00:00-06:00,13602.665821,2240.597732,5892.005688,2000.535642,18374.800944,3790.45821,9566.743029,1558.477461,57026.284526
2026-01-27 15:00:00-06:00,2026-01-27 16:00:00-06:00,13392.09475,2235.603295,5868.92634,1956.404198,18145.88337,3744.793871,9411.865405,1514.527951,56270.099178
2026-01-27 16:00:00-06:00,2026-01-27 17:00:00-06:00,13458.000928,2258.899937,5964.344229,1942.43009,17958.119879,3740.448925,9463.739191,1511.286826,56297.270004
2026-01-27 17:00:00-06:00,2026-01-27 18:00:00-06:00,13700.323708,2371.126931,5780.199692,1901.314964,18479.267403,3958.819344,9939.522011,1549.907463,57680.481515
2026-01-27 18:00:00-06:00,2026-01-27 19:00:00-06:00,14380.821566,2469.459485,5689.801755,1490.171826,19301.276755,4311.19928,10648.11936,1664.543157,59955.393184
2026-01-27 19:00:00-06:00,2026-01-27 20:00:00-06:00,14639.864426,2496.854558,5835.737068,1506.763699,19419.472801,4395.314338,10876.256304,1732.32273,60902.585925
2026-01-27 20:00:00-06:00,2026-01-27 21:00:00-06:00,14647.801084,2513.71344,5931.017012,1502.672261,19453.550461,4510.931396,11003.925026,1760.972224,61324.582903
2026-01-27 21:00:00-06:00,2026-01-27 22:00:00-06:00,14514.658307,2520.068338,5947.953085,1492.825543,19317.161617,4513.904066,10926.132086,1761.678542,60994.381583
2026-01-27 22:00:00-06:00,2026-01-27 23:00:00-06:00,14196.355459,2436.760034,5962.888022,1461.705908,18904.263152,4426.735029,10731.215204,1736.749109,59856.671917
2026-01-27 23:00:00-06:00,2026-01-28 00:00:00-06:00,13940.030781,2434.235371,5979.118391,1453.255315,18621.154175,4192.033836,10551.839039,1703.816398,58875.483304
2026-01-28 00:00:00-06:00,2026-01-28 01:00:00-06:00,13750.848042,2430.85129,6000.323247,1451.519607,18381.97609,4249.075377,10417.177036,1693.471581,58375.242271
2026-01-28 01:00:00-06:00,2026-01-28 02:00:00-06:00,13721.666885,2467.625596,5956.498325,1461.739759,18415.022948,4182.323393,10435.04643,1714.848352,58354.771689
2026-01-28 02:00:00-06:00,2026-01-28 03:00:00-06:00,13740.832876,2477.415934,5890.092812,1478.258727,18585.047149,4244.295135,10534.009256,1737.50945,58687.461339
2026-01-28 03:00:00-06:00,2026-01-28 04:00:00-06:00,13906.133521,2554.291606,5940.667148,1501.252814,18966.908339,4358.724032,10778.139684,1780.920283,59787.037426
2026-01-28 04:00:00-06:00,2026-01-28 05:00:00-06:00,14316.650768,2626.784891,5945.467163,1541.961844,19544.926102,4451.102538,11161.911695,1829.041503,61417.846504
2026-01-28 05:00:00-06:00,2026-01-28 06:00:00-06:00,14998.641406,2746.667776,5984.469069,1590.784359,20233.563979,4705.814122,11683.822744,1896.193732,63839.957186
2026-01-28 06:00:00-06:00,2026-01-28 07:00:00-06:00,15741.4473,2836.723261,5856.24986,1651.619267,21064.183306,5102.646558,12426.402639,1989.411674,66668.683863
2026-01-28 07:00:00-06:00,2026-01-28 08:00:00-06:00,15939.225518,2938.777583,5929.372067,1701.787923,21680.994812,5194.069556,12699.740376,2038.785434,68122.75327
2026-01-28 08:00:00-06:00,2026-01-28 09:00:00-06:00,15681.977333,2858.212677,6036.082752,1811.794613,21480.455218,4929.054207,12136.948154,1987.31853,66921.843485
2026-01-28 09:00:00-06:00,2026-01-28 10:00:00-06:00,15115.657322,2683.064166,6649.523392,2152.971061,20533.205103,4555.338006,10952.747537,1882.125518,64524.632106
2026-01-28 10:00:00-06:00,2026-01-28 11:00:00-06:00,14434.434931,2441.93916,6755.323187,2085.373839,19238.645043,4282.353412,9965.150339,1755.79622,60959.01613
2026-01-28 11:00:00-06:00,2026-01-28 12:00:00-06:00,13786.345185,2255.767799,6755.671403,2028.446348,18086.779851,3945.140642,9225.544118,1638.163435,57721.858781
2026-01-28 12:00:00-06:00,2026-01-28 13:00:00-06:00,13273.946885,2092.962024,6852.041439,1957.292586,17082.324188,3697.180922,8578.760701,1544.747061,55079.255807
2026-01-28 13:00:00-06:00,2026-01-28 14:00:00-06:00,12992.57062,1985.374615,6891.479813,1866.442831,16396.112418,3616.439247,8106.011118,1476.392896,53330.823557
2026-01-28 14:00:00-06:00,2026-01-28 15:00:00-06:00,12750.846066,1898.839716,6993.187664,1821.54533,15655.835838,3540.209223,7826.775531,1419.001557,51906.240924
2026-01-28 15:00:00-06:00,2026-01-28 16:00:00-06:00,12596.141476,1840.313858,7075.834047,1791.473019,15304.784107,3518.121513,7776.174867,1414.77764,51317.620526
2026-01-28 16:00:00-06:00,2026-01-28 17:00:00-06:00,12526.617703,1806.757832,7096.484887,1790.560563,15275.845627,3588.129808,7924.597631,1418.789404,51427.783456
2026-01-28 17:00:00-06:00,2026-01-28 18:00:00-06:00,12639.341462,1890.227154,6538.975833,1799.660674,15943.715806,3715.68189,8321.583101,1444.366318,52293.552238
2026-01-28 18:00:00-06:00,2026-01-28 19:00:00-06:00,13157.99734,2040.624615,6449.961209,1882.180213,17281.910743,3907.968067,8916.358767,1535.446247,55172.447202
2026-01-28 19:00:00-06:00,2026-01-28 20:00:00-06:00,13458.341626,2188.738329,6587.046778,1937.706172,17911.911916,4038.696432,9256.873841,1600.087922,56979.403016
2026-01-28 20:00:00-06:00,2026-01-28 21:00:00-06:00,13640.348606,2302.770631,6706.043283,1974.136662,18280.740422,4146.002589,9445.28747,1651.162419,58146.492081
2026-01-28 21:00:00-06:00,2026-01-28 22:00:00-06:00,13661.009752,2365.996203,6926.033307,1972.069873,18375.832299,4123.977629,9492.180108,1674.375312,58591.474483
2026-01-28 22:00:00-06:00,2026-01-28 23:00:00-06:00,13419.299255,2343.569572,7106.962802,1944.298787,18030.295623,4088.192683,9343.292924,1634.503172,57910.414817
2026-01-28 23:00:00-06:00,2026-01-29 00:00:00-06:00,13170.237198,2318.203635,7068.82222,1913.472809,17575.22072,3996.937132,9173.374971,1616.279527,56832.548213
2026-01-29 00:00:00-06:00,2026-01-29 01:00:00-06:00,13106.489196,2310.924212,7115.22941,1886.966517,17195.234307,3792.117304,9139.370368,1593.992474,56140.323787
2026-01-29 01:00:00-06:00,2026-01-29 02:00:00-06:00,13110.834863,2312.954321,7134.638979,1879.469269,17029.062152,3776.66792,9180.436531,1610.624369,56034.688405
2026-01-29 02:00:00-06:00,2026-01-29 03:00:00-06:00,13172.483708,2335.421655,7146.557707,1879.308256,16924.10117,3815.256508,9303.614528,1617.643363,56194.386894
2026-01-29 03:00:00-06:00,2026-01-29 04:00:00-06:00,13286.801752,2314.030119,7189.070728,1883.067521,16928.528519,3987.771954,9490.293385,1640.08426,56719.648238
2026-01-29 04:00:00-06:00,2026-01-29 05:00:00-06:00,13732.191927,2396.714134,7220.707668,1912.628328,17360.204267,4139.348356,9806.275704,1662.226346,58230.296729
2026-01-29 05:00:00-06:00,2026-01-29 06:00:00-06:00,14471.734899,2515.603486,7306.31597,1956.237909,18204.769528,4408.091255,10375.397056,1717.845433,60955.995536
2026-01-29 06:00:00-06:00,2026-01-29 07:00:00-06:00,15349.884922,2678.362769,7401.541388,2015.336826,19258.707053,4859.007042,11161.818975,1807.492258,64532.151233
2026-01-29 07:00:00-06:00,2026-01-29 08:00:00-06:00,15602.661387,2699.075631,7421.055374,2049.331679,19721.256107,4950.993009,11453.982137,1833.237365,65731.592689
2026-01-29 08:00:00-06:00,2026-01-29 09:00:00-06:00,15148.851887,2573.487534,7368.510571,2025.291344,19266.455415,4731.201092,10887.549036,1775.213367,63776.560245
2026-01-29 09:00:00-06:00,2026-01-29 10:00:00-06:00,14387.652799,2419.430577,7347.613294,1957.307878,18159.028339,4380.314887,9959.677726,1664.488712,60275.514213
2026-01-29 10:00:00-06:00,2026-01-29 11:00:00-06:00,13797.89967,2238.32475,7245.837713,1901.149101,17041.747329,4049.588375,9161.044235,1563.835285,56999.426459
2026-01-29 11:00:00-06:00,2026-01-29 12:00:00-06:00,13214.916483,2041.440303,7166.632369,1848.702728,15977.72951,3775.612581,8444.814722,1481.507674,53951.35637
2026-01-29 12:00:00-06:00,2026-01-29 13:00:00-06:00,12736.621227,1898.382064,7128.940294,1802.056115,15075.190268,3635.713514,7908.332498,1420.703804,51605.939784
2026-01-29 13:00:00-06:00,2026-01-29 14:00:00-06:00,12565.472384,1763.914942,7101.590288,1762.557089,14382.552408,3595.799123,7563.329946,1380.122098,50115.338276
2026-01-29 14:00:00-06:00,2026-01-29 15:00:00-06:00,12456.226383,1691.453603,7107.51489,1735.366312,13933.017744,3605.865653,7390.540228,1350.53455,49270.519363
2026-01-29 15:00:00-06:00,2026-01-29 16:00:00-06:00,12407.959586,1647.181757,7129.671543,1733.969506,13784.083728,3613.117421,7337.822373,1343.774347,48997.580261
2026-01-29 16:00:00-06:00,2026-01-29 17:00:00-06:00,12427.183169,1656.922037,7171.04961,1748.091054,14126.021469,3715.608512,7552.13516,1350.591921,49747.60293
2026-01-29 17:00:00-06:00,2026-01-29 18:00:00-06:00,12498.082368,1692.849142,7248.377412,1818.00428,14998.634469,3834.44017,7790.961502,1379.10049,51260.449833
2026-01-29 18:00:00-06:00,2026-01-29 19:00:00-06:00,12830.417804,1864.909538,7315.125081,1950.924998,16478.449906,3977.266285,8186.194606,1487.182546,54090.470764
2026-01-29 19:00:00-06:00,2026-01-29 20:00:00-06:00,12892.191575,1949.011998,7488.374571,1999.07916,17185.305479,4005.417458,8349.429759,1545.682813,55414.492812
2026-01-29 20:00:00-06:00,2026-01-29 21:00:00-06:00,12828.658841,1995.647056,7400.42906,2024.613433,17669.514738,3965.361617,8339.061028,1572.759458,55796.045232
2026-01-29 21:00:00-06:00,2026-01-29 22:00:00-06:00,12661.936851,1972.326637,7314.557155,2028.520388,17786.959283,3896.580391,8192.284061,1573.171166,55426.335931
2026-01-29 22:00:00-06:00,2026-01-29 23:00:00-06:00,12264.914754,1929.913812,7318.294518,1996.894819,17511.439345,3721.556881,7968.964464,1546.926289,54258.904883
2026-01-29 23:00:00-06:00,2026-01-30 00:00:00-06:00,11800.750961,1908.07446,7290.741584,1990.317706,17156.681616,3566.869228,7757.034473,1530.068748,53000.538775
2026-01-30 00:00:00-06:00,2026-01-30 01:00:00-06:00,11678.627595,1923.299514,7049.724388,1947.490208,17156.045311,3230.269778,7737.52637,1590.376187,52313.359351
2026-01-30 01:00:00-06:00,2026-01-30 02:00:00-06:00,11743.347832,1945.158058,6854.692949,1944.953483,17251.25074,3141.891729,7664.527752,1608.329596,52154.15214
2026-01-30 02:00:00-06:00,2026-01-30 03:00:00-06:00,11856.59449,2004.283673,6655.283091,1957.078311,17449.95917,3083.468039,7714.41167,1625.099587,52346.178031
2026-01-30 03:00:00-06:00,2026-01-30 04:00:00-06:00,12114.157101,2052.901234,6669.285994,1971.62796,17791.337619,3111.99945,7879.876702,1635.53277,53226.718829
2026-01-30 04:00:00-06:00,2026-01-30 05:00:00-06:00,12595.28871,2181.399597,6831.868617,2011.051125,18475.909311,3234.445142,8133.657882,1656.955086,55120.57547
2026-01-30 05:00:00-06:00,2026-01-30 06:00:00-06:00,13408.05952,2274.672349,6988.482344,2037.085544,19573.700538,3460.164323,8600.952576,1701.71775,58044.834943
2026-01-30 06:00:00-06:00,2026-01-30 07:00:00-06:00,14454.026005,2469.206994,7134.061157,2109.463652,21072.426639,3906.152759,9321.792622,1794.173199,62261.303026
2026-01-30 07:00:00-06:00,2026-01-30 08:00:00-06:00,14913.560862,2580.78743,7128.227591,2155.948407,21767.746098,4096.136017,9781.300267,1846.975982,64270.682654
2026-01-30 08:00:00-06:00,2026-01-30 09:00:00-06:00,15225.82271,2519.285922,7201.746807,2148.362193,21532.091883,4107.690008,9817.367844,1809.124248,64361.491614
2026-01-30 09:00:00-06:00,2026-01-30 10:00:00-06:00,15286.57647,2497.465122,7690.162773,2137.354772,20665.986988,4155.319847,9621.718256,1745.46375,63800.047979
2026-01-30 10:00:00-06:00,2026-01-30 11:00:00-06:00,15107.646855,2325.113449,7921.873189,2086.48606,19340.203027,4186.611648,9365.247973,1653.638457,61986.820658
2026-01-30 11:00:00-06:00,2026-01-30 12:00:00-06:00,14873.458731,2181.342762,7902.080747,2014.030607,18205.386778,4124.165119,8997.027005,1607.679988,59905.171738
2026-01-30 12:00:00-06:00,2026-01-30 13:00:00-06:00,14545.31929,2051.614026,7818.256332,1943.58283,17224.692403,4079.821428,8680.6754,1543.1669,57887.128609
2026-01-30 13:00:00-06:00,2026-01-30 14:00:00-06:00,14353.460206,1925.66029,7813.915484,1880.777594,16416.691571,4010.211088,8497.825318,1490.35693,56388.89848
2026-01-30 14:00:00-06:00,2026-01-30 15:00:00-06:00,14137.630111,1931.054729,7760.246355,1841.611324,15750.196645,3984.974082,8352.331864,1451.9868,55210.031911
2026-01-30 15:00:00-06:00,2026-01-30 16:00:00-06:00,14101.598098,1806.970253,7777.131206,1820.894961,15321.654029,3908.768964,8182.657829,1426.313593,54345.988933
2026-01-30 16:00:00-06:00,2026-01-30 17:00:00-06:00,14207.395947,1871.384927,7788.076741,1814.5778,15416.908852,3928.8951,8269.929364,1419.972601,54717.141333
2026-01-30 17:00:00-06:00,2026-01-30 18:00:00-06:00,14428.026153,1958.452489,7436.952139,1822.484484,16173.240419,4101.311026,8547.418193,1444.67036,55912.555264
2026-01-30 18:00:00-06:00,2026-01-30 19:00:00-06:00,14758.24644,2104.864091,6874.528636,1874.597029,17335.334038,4262.695316,9051.286282,1550.43218,57811.984011
2026-01-30 19:00:00-06:00,2026-01-30 20:00:00-06:00,14718.822364,2182.136981,7092.545167,1905.839745,17816.954404,4305.881915,9311.947185,1601.783397,58935.911158
2026-01-30 20:00:00-06:00,2026-01-30 21:00:00-06:00,14703.557212,2254.896617,7237.060671,1933.262561,18217.389192,4346.257635,9431.65575,1626.464312,59750.543951
2026-01-30 21:00:00-06:00,2026-01-30 22:00:00-06:00,14599.54483,2247.768255,7258.65313,1947.842868,18381.525047,4474.901571,9463.029698,1630.685833,60003.951233
2026-01-30 22:00:00-06:00,2026-01-30 23:00:00-06:00,14314.068352,2260.860996,7308.339735,1925.373927,18329.327137,4479.559319,9307.880748,1621.324253,59546.734469
2026-01-30 23:00:00-06:00,2026-01-31 00:00:00-06:00,14111.703116,2289.152421,7315.243563,1936.072329,18327.948527,4342.617582,9118.591972,1593.779062,59035.108572
