Interval Start,SPP
2026-01-24 00:00:00-06:00,30.02
2026-01-24 00:15:00-06:00,30.46
2026-01-24 00:30:00-06:00,31.76
2026-01-24 00:45:00-06:00,30.83
2026-01-24 01:00:00-06:00,30.39
2026-01-24 01:15:00-06:00,29.83
2026-01-24 01:30:00-06:00,30.7
2026-01-24 01:45:00-06:00,30.92
2026-01-24 02:00:00-06:00,32.79
2026-01-24 02:15:00-06:00,30.59
2026-01-24 02:30:00-06:00,32.32
2026-01-24 02:45:00-06:00,33.24
2026-01-24 03:00:00-06:00,31.25
2026-01-24 03:15:00-06:00,31.72
2026-01-24 03:30:00-06:00,31.37
2026-01-24 03:45:00-06:00,33.68
2026-01-24 04:00:00-06:00,34.48
2026-01-24 04:15:00-06:00,35.67
2026-01-24 04:30:00-06:00,37.18
2026-01-24 04:45:00-06:00,39.87
2026-01-24 05:00:00-06:00,41.23
2026-01-24 05:15:00-06:00,43.68
2026-01-24 05:30:00-06:00,44.07
2026-01-24 05:45:00-06:00,45.39
2026-01-24 06:00:00-06:00,63.23
2026-01-24 06:15:00-06:00,54.71
2026-01-24 06:30:00-06:00,54.91
2026-01-24 06:45:00-06:00,53.61
2026-01-24 07:00:00-06:00,59.17
2026-01-24 07:15:00-06:00,62.11
2026-01-24 07:30:00-06:00,75.71
2026-01-24 07:45:00-06:00,72.69
2026-01-24 08:00:00-06:00,71.01
2026-01-24 08:15:00-06:00,68.55
2026-01-24 08:30:00-06:00,80.5
2026-01-24 08:45:00-06:00,78.89
2026-01-24 09:00:00-06:00,141.05
2026-01-24 09:15:00-06:00,134.31
2026-01-24 09:30:00-06:00,135.95
2026-01-24 09:45:00-06:00,148.79
2026-01-24 10:00:00-06:00,160.75
2026-01-24 10:15:00-06:00,156.69
2026-01-24 10:30:00-06:00,154.29
2026-01-24 10:45:00-06:00,133.88
2026-01-24 11:00:00-06:00,138.77
2026-01-24 11:15:00-06:00,146.54
2026-01-24 11:30:00-06:00,149.79
2026-01-24 11:45:00-06:00,147.17
2026-01-24 12:00:00-06:00,145.51
2026-01-24 12:15:00-06:00,186.76
2026-01-24 12:30:00-06:00,171.7
2026-01-24 12:45:00-06:00,174.6
2026-01-24 13:00:00-06:00,166.08
2026-01-24 13:15:00-06:00,157.17
2026-01-24 13:30:00-06:00,163.59
2026-01-24 13:45:00-06:00,174.32
2026-01-24 14:00:00-06:00,174.97
2026-01-24 14:15:00-06:00,191.87
2026-01-24 14:30:00-06:00,220.95
2026-01-24 14:45:00-06:00,261.62
2026-01-24 15:00:00-06:00,247.81
2026-01-24 15:15:00-06:00,169.28
2026-01-24 15:30:00-06:00,159.04
2026-01-24 15:45:00-06:00,156.87
2026-01-24 16:00:00-06:00,164.95
2026-01-24 16:15:00-06:00,182.15
2026-01-24 16:30:00-06:00,178.79
2026-01-24 16:45:00-06:00,185.66
2026-01-24 17:00:00-06:00,192.34
2026-01-24 17:15:00-06:00,185.47
2026-01-24 17:30:00-06:00,185.11
2026-01-24 17:45:00-06:00,186.31
2026-01-24 18:00:00-06:00,191.56
2026-01-24 18:15:00-06:00,193.89
2026-01-24 18:30:00-06:00,192.28
2026-01-24 18:45:00-06:00,192.72
2026-01-24 19:00:00-06:00,165.32
2026-01-24 19:15:00-06:00,172.17
2026-01-24 19:30:00-06:00,174.13
2026-01-24 19:45:00-06:00,171.52
2026-01-24 20:00:00-06:00,143.21
2026-01-24 20:15:00-06:00,136.79
2026-01-24 20:30:00-06:00,116.78
2026-01-24 20:45:00-06:00,126.48
2026-01-24 21:00:00-06:00,136.63
2026-01-24 21:15:00-06:00,136.53
2026-01-24 21:30:00-06:00,145.57
2026-01-24 21:45:00-06:00,138.65
2026-01-24 22:00:00-06:00,107.72
2026-01-24 22:15:00-06:00,85.45
2026-01-24 22:30:00-06:00,93.22
2026-01-24 22:45:00-06:00,99.42
2026-01-24 23:00:00-06:00,85.98
2026-01-24 23:15:00-06:00,100.18
2026-01-24 23:30:00-06:00,104.32
2026-01-24 23:45:00-06:00,110.98
2026-01-25 00:00:00-06:00,107.11
2026-01-25 00:15:00-06:00,109.95
2026-01-25 00:30:00-06:00,111.57
2026-01-25 00:45:00-06:00,101.19
2026-01-25 01:00:00-06:00,101.74
2026-01-25 01:15:00-06:00,105.37
2026-01-25 01:30:00-06:00,103.02
2026-01-25 01:45:00-06:00,103.22
2026-01-25 02:00:00-06:00,136.66
2026-01-25 02:15:00-06:00,91.78
2026-01-25 02:30:00-06:00,101.68
2026-01-25 02:45:00-06:00,103.91
2026-01-25 03:00:00-06:00,107.42
2026-01-25 03:15:00-06:00,104.1
2026-01-25 03:30:00-06:00,105.33
2026-01-25 03:45:00-06:00,110.12
2026-01-25 04:00:00-06:00,96.88
2026-01-25 04:15:00-06:00,99.65
2026-01-25 04:30:00-06:00,105.38
2026-01-25 04:45:00-06:00,132.73
2026-01-25 05:00:00-06:00,135.24
2026-01-25 05:15:00-06:00,142.63
2026-01-25 05:30:00-06:00,141.58
2026-01-25 05:45:00-06:00,140.43
2026-01-25 06:00:00-06:00,150.69
2026-01-25 06:15:00-06:00,141.94
2026-01-25 06:30:00-06:00,132.89
2026-01-25 06:45:00-06:00,130.2
2026-01-25 07:00:00-06:00,133.21
2026-01-25 07:15:00-06:00,138.13
2026-01-25 07:30:00-06:00,134.49
2026-01-25 07:45:00-06:00,132.03
2026-01-25 08:00:00-06:00,123.96
2026-01-25 08:15:00-06:00,117.93
2026-01-25 08:30:00-06:00,105.85
2026-01-25 08:45:00-06:00,94.83
2026-01-25 09:00:00-06:00,120.34
2026-01-25 09:15:00-06:00,121.92
2026-01-25 09:30:00-06:00,111.49
2026-01-25 09:45:00-06:00,102.54
2026-01-25 10:00:00-06:00,102.15
2026-01-25 10:15:00-06:00,101.85
2026-01-25 10:30:00-06:00,104.22
2026-01-25 10:45:00-06:00,104.99
2026-01-25 11:00:00-06:00,104.92
2026-01-25 11:15:00-06:00,101.45
2026-01-25 11:30:00-06:00,104.21
2026-01-25 11:45:00-06:00,106.87
2026-01-25 12:00:00-06:00,116.67
2026-01-25 12:15:00-06:00,115.27
2026-01-25 12:30:00-06:00,114.51
2026-01-25 12:45:00-06:00,107.58
2026-01-25 13:00:00-06:00,118.98
2026-01-25 13:15:00-06:00,118.83
2026-01-25 13:30:00-06:00,119.78
2026-01-25 13:45:00-06:00,122.47
2026-01-25 14:00:00-06:00,123.71
2026-01-25 14:15:00-06:00,128.77
2026-01-25 14:30:00-06:00,130.44
2026-01-25 14:45:00-06:00,137.26
2026-01-25 15:00:00-06:00,133.54
2026-01-25 15:15:00-06:00,141.86
2026-01-25 15:30:00-06:00,144.04
2026-01-25 15:45:00-06:00,151.57
2026-01-25 16:00:00-06:00,143.94
2026-01-25 16:15:00-06:00,165.98
2026-01-25 16:30:00-06:00,191.17
2026-01-25 16:45:00-06:00,191.65
2026-01-25 17:00:00-06:00,179.17
2026-01-25 17:15:00-06:00,272.21
2026-01-25 17:30:00-06:00,299.48
2026-01-25 17:45:00-06:00,328.62
2026-01-25 18:00:00-06:00,834.02
2026-01-25 18:15:00-06:00,339.09
2026-01-25 18:30:00-06:00,199.85
2026-01-25 18:45:00-06:00,192.73
2026-01-25 19:00:00-06:00,177.82
2026-01-25 19:15:00-06:00,191.94
2026-01-25 19:30:00-06:00,193.63
2026-01-25 19:45:00-06:00,197.94
2026-01-25 20:00:00-06:00,190.21
2026-01-25 20:15:00-06:00,187.89
2026-01-25 20:30:00-06:00,275.87
2026-01-25 20:45:00-06:00,274.97
2026-01-25 21:00:00-06:00,248.23
2026-01-25 21:15:00-06:00,241.05
2026-01-25 21:30:00-06:00,252.4
2026-01-25 21:45:00-06:00,251.54
2026-01-25 22:00:00-06:00,235.75
2026-01-25 22:15:00-06:00,239.08
2026-01-25 22:30:00-06:00,231.61
2026-01-25 22:45:00-06:00,225.62
2026-01-25 23:00:00-06:00,195.66
2026-01-25 23:15:00-06:00,192.46
2026-01-25 23:30:00-06:00,194.38
2026-01-25 23:45:00-06:00,257.85
2026-01-26 00:00:00-06:00,244.43
2026-01-26 00:15:00-06:00,228.14
2026-01-26 00:30:00-06:00,219.91
2026-01-26 00:45:00-06:00,205.89
2026-01-26 01:00:00-06:00,219.64
2026-01-26 01:15:00-06:00,234.98
2026-01-26 01:30:00-06:00,197.31
2026-01-26 01:45:00-06:00,210.56
2026-01-26 02:00:00-06:00,229.08
2026-01-26 02:15:00-06:00,220.91
2026-01-26 02:30:00-06:00,200.78
2026-01-26 02:45:00-06:00,197.51
2026-01-26 03:00:00-06:00,221.93
2026-01-26 03:15:00-06:00,181.48
2026-01-26 03:30:00-06:00,198.67
2026-01-26 03:45:00-06:00,210.26
2026-01-26 04:00:00-06:00,220.3
2026-01-26 04:15:00-06:00,237.79
2026-01-26 04:30:00-06:00,224.0
2026-01-26 04:45:00-06:00,243.06
2026-01-26 05:00:00-06:00,172.92
2026-01-26 05:15:00-06:00,179.76
2026-01-26 05:30:00-06:00,214.41
2026-01-26 05:45:00-06:00,213.11
2026-01-26 06:00:00-06:00,182.99
2026-01-26 06:15:00-06:00,158.47
2026-01-26 06:30:00-06:00,145.76
2026-01-26 06:45:00-06:00,137.91
2026-01-26 07:00:00-06:00,120.29
2026-01-26 07:15:00-06:00,135.41
2026-01-26 07:30:00-06:00,143.3
2026-01-26 07:45:00-06:00,138.8
2026-01-26 08:00:00-06:00,142.33
2026-01-26 08:15:00-06:00,136.77
2026-01-26 08:30:00-06:00,117.09
2026-01-26 08:45:00-06:00,97.84
2026-01-26 09:00:00-06:00,88.76
2026-01-26 09:15:00-06:00,72.76
2026-01-26 09:30:00-06:00,69.27
2026-01-26 09:45:00-06:00,71.47
2026-01-26 10:00:00-06:00,71.25
2026-01-26 10:15:00-06:00,63.86
2026-01-26 10:30:00-06:00,57.64
2026-01-26 10:45:00-06:00,47.82
2026-01-26 11:00:00-06:00,48.67
2026-01-26 11:15:00-06:00,42.96
2026-01-26 11:30:00-06:00,38.43
2026-01-26 11:45:00-06:00,35.5
2026-01-26 12:00:00-06:00,30.01
2026-01-26 12:15:00-06:00,23.84
2026-01-26 12:30:00-06:00,19.0
2026-01-26 12:45:00-06:00,11.62
2026-01-26 13:00:00-06:00,7.02
2026-01-26 13:15:00-06:00,0.33
2026-01-26 13:30:00-06:00,-0.95
2026-01-26 13:45:00-06:00,-0.65
2026-01-26 14:00:00-06:00,-0.28
2026-01-26 14:15:00-06:00,-0.15
2026-01-26 14:30:00-06:00,-0.42
2026-01-26 14:45:00-06:00,-0.9
2026-01-26 15:00:00-06:00,-1.42
2026-01-26 15:15:00-06:00,-1.58
2026-01-26 15:30:00-06:00,-1.86
2026-01-26 15:45:00-06:00,-1.9
2026-01-26 16:00:00-06:00,-1.61
2026-01-26 16:15:00-06:00,-0.04
2026-01-26 16:30:00-06:00,1.11
2026-01-26 16:45:00-06:00,55.32
2026-01-26 17:00:00-06:00,96.38
2026-01-26 17:15:00-06:00,145.06
2026-01-26 17:30:00-06:00,188.21
2026-01-26 17:45:00-06:00,207.58
2026-01-26 18:00:00-06:00,179.01
2026-01-26 18:15:00-06:00,159.14
2026-01-26 18:30:00-06:00,163.92
2026-01-26 18:45:00-06:00,164.06
2026-01-26 19:00:00-06:00,149.16
2026-01-26 19:15:00-06:00,148.7
2026-01-26 19:30:00-06:00,145.46
2026-01-26 19:45:00-06:00,152.06
2026-01-26 20:00:00-06:00,160.86
2026-01-26 20:15:00-06:00,155.63
2026-01-26 20:30:00-06:00,152.13
2026-01-26 20:45:00-06:00,154.76
2026-01-26 21:00:00-06:00,170.44
2026-01-26 21:15:00-06:00,157.64
2026-01-26 21:30:00-06:00,158.9
2026-01-26 21:45:00-06:00,155.7
2026-01-26 22:00:00-06:00,125.46
2026-01-26 22:15:00-06:00,104.58
2026-01-26 22:30:00-06:00,99.2
2026-01-26 22:45:00-06:00,95.87
2026-01-26 23:00:00-06:00,100.94
2026-01-26 23:15:00-06:00,100.32
2026-01-26 23:30:00-06:00,103.13
2026-01-26 23:45:00-06:00,100.04
2026-01-27 00:00:00-06:00,109.72
2026-01-27 00:15:00-06:00,110.19
2026-01-27 00:30:00-06:00,114.37
2026-01-27 00:45:00-06:00,115.64
2026-01-27 01:00:00-06:00,120.56
2026-01-27 01:15:00-06:00,124.25
2026-01-27 01:30:00-06:00,124.99
2026-01-27 01:45:00-06:00,123.58
2026-01-27 02:00:00-06:00,119.31
2026-01-27 02:15:00-06:00,120.26
2026-01-27 02:30:00-06:00,119.25
2026-01-27 02:45:00-06:00,118.51
2026-01-27 03:00:00-06:00,107.91
2026-01-27 03:15:00-06:00,106.21
2026-01-27 03:30:00-06:00,100.89
2026-01-27 03:45:00-06:00,100.37
2026-01-27 04:00:00-06:00,109.56
2026-01-27 04:15:00-06:00,108.96
2026-01-27 04:30:00-06:00,119.55
2026-01-27 04:45:00-06:00,118.5
2026-01-27 05:00:00-06:00,94.16
2026-01-27 05:15:00-06:00,93.66
2026-01-27 05:30:00-06:00,97.5
2026-01-27 05:45:00-06:00,102.48
2026-01-27 06:00:00-06:00,106.47
2026-01-27 06:15:00-06:00,110.47
2026-01-27 06:30:00-06:00,110.38
2026-01-27 06:45:00-06:00,110.45
2026-01-27 07:00:00-06:00,91.78
2026-01-27 07:15:00-06:00,86.87
2026-01-27 07:30:00-06:00,85.28
2026-01-27 07:45:00-06:00,78.51
2026-01-27 08:00:00-06:00,75.33
2026-01-27 08:15:00-06:00,61.22
2026-01-27 08:30:00-06:00,50.71
2026-01-27 08:45:00-06:00,42.87
2026-01-27 09:00:00-06:00,39.23
2026-01-27 09:15:00-06:00,33.84
2026-01-27 09:30:00-06:00,32.65
2026-01-27 09:45:00-06:00,29.15
2026-01-27 10:00:00-06:00,36.13
2026-01-27 10:15:00-06:00,43.14
2026-01-27 10:30:00-06:00,43.4
2026-01-27 10:45:00-06:00,40.0
2026-01-27 11:00:00-06:00,43.54
2026-01-27 11:15:00-06:00,43.12
2026-01-27 11:30:00-06:00,48.48
2026-01-27 11:45:00-06:00,35.77
2026-01-27 12:00:00-06:00,39.58
2026-01-27 12:15:00-06:00,37.1
2026-01-27 12:30:00-06:00,36.73
2026-01-27 12:45:00-06:00,39.93
2026-01-27 13:00:00-06:00,48.43
2026-01-27 13:15:00-06:00,53.13
2026-01-27 13:30:00-06:00,54.86
2026-01-27 13:45:00-06:00,59.19
2026-01-27 14:00:00-06:00,63.77
2026-01-27 14:15:00-06:00,68.27
2026-01-27 14:30:00-06:00,73.28
2026-01-27 14:45:00-06:00,77.7
2026-01-27 15:00:00-06:00,78.14
2026-01-27 15:15:00-06:00,77.85
2026-01-27 15:30:00-06:00,81.99
2026-01-27 15:45:00-06:00,76.48
2026-01-27 16:00:00-06:00,89.19
2026-01-27 16:15:00-06:00,92.66
2026-01-27 16:30:00-06:00,96.51
2026-01-27 16:45:00-06:00,102.86
2026-01-27 17:00:00-06:00,110.22
2026-01-27 17:15:00-06:00,145.68
2026-01-27 17:30:00-06:00,170.03
2026-01-27 17:45:00-06:00,210.53
2026-01-27 18:00:00-06:00,186.32
2026-01-27 18:15:00-06:00,182.47
2026-01-27 18:30:00-06:00,176.73
2026-01-27 18:45:00-06:00,173.36
2026-01-27 19:00:00-06:00,168.83
2026-01-27 19:15:00-06:00,165.74
2026-01-27 19:30:00-06:00,166.13
2026-01-27 19:45:00-06:00,170.44
2026-01-27 20:00:00-06:00,196.31
2026-01-27 20:15:00-06:00,217.98
2026-01-27 20:30:00-06:00,229.78
2026-01-27 20:45:00-06:00,245.37
2026-01-27 21:00:00-06:00,282.74
2026-01-27 21:15:00-06:00,221.47
2026-01-27 21:30:00-06:00,193.6
2026-01-27 21:45:00-06:00,167.66
2026-01-27 22:00:00-06:00,156.88
2026-01-27 22:15:00-06:00,154.01
2026-01-27 22:30:00-06:00,150.94
2026-01-27 22:45:00-06:00,156.83
2026-01-27 23:00:00-06:00,173.09
2026-01-27 23:15:00-06:00,200.81
2026-01-27 23:30:00-06:00,193.47
2026-01-27 23:45:00-06:00,175.97
2026-01-28 00:00:00-06:00,229.36
2026-01-28 00:15:00-06:00,264.23
2026-01-28 00:30:00-06:00,261.96
2026-01-28 00:45:00-06:00,282.71
2026-01-28 01:00:00-06:00,289.92
2026-01-28 01:15:00-06:00,270.84
2026-01-28 01:30:00-06:00,281.32
2026-01-28 01:45:00-06:00,296.19
2026-01-28 02:00:00-06:00,357.6
2026-01-28 02:15:00-06:00,354.49
2026-01-28 02:30:00-06:00,352.82
2026-01-28 02:45:00-06:00,361.56
2026-01-28 03:00:00-06:00,293.32
2026-01-28 03:15:00-06:00,288.38
2026-01-28 03:30:00-06:00,297.66
2026-01-28 03:45:00-06:00,311.42
2026-01-28 04:00:00-06:00,282.65
2026-01-28 04:15:00-06:00,256.33
2026-01-28 04:30:00-06:00,272.75
2026-01-28 04:45:00-06:00,322.36
2026-01-28 05:00:00-06:00,327.7
2026-01-28 05:15:00-06:00,350.15
2026-01-28 05:30:00-06:00,420.75
2026-01-28 05:45:00-06:00,510.61
2026-01-28 06:00:00-06:00,418.07
2026-01-28 06:15:00-06:00,485.99
2026-01-28 06:30:00-06:00,614.11
2026-01-28 06:45:00-06:00,855.46
2026-01-28 07:00:00-06:00,1170.38
2026-01-28 07:15:00-06:00,637.28
2026-01-28 07:30:00-06:00,492.77
2026-01-28 07:45:00-06:00,343.42
2026-01-28 08:00:00-06:00,240.49
2026-01-28 08:15:00-06:00,77.97
2026-01-28 08:30:00-06:00,49.71
2026-01-28 08:45:00-06:00,35.62
2026-01-28 09:00:00-06:00,31.03
2026-01-28 09:15:00-06:00,39.25
2026-01-28 09:30:00-06:00,42.82
2026-01-28 09:45:00-06:00,38.44
2026-01-28 10:00:00-06:00,33.5
2026-01-28 10:15:00-06:00,39.09
2026-01-28 10:30:00-06:00,40.39
2026-01-28 10:45:00-06:00,43.46
2026-01-28 11:00:00-06:00,41.68
2026-01-28 11:15:00-06:00,38.68
2026-01-28 11:30:00-06:00,32.93
2026-01-28 11:45:00-06:00,29.25
2026-01-28 12:00:00-06:00,30.4
2026-01-28 12:15:00-06:00,28.69
2026-01-28 12:30:00-06:00,25.93
2026-01-28 12:45:00-06:00,24.67
2026-01-28 13:00:00-06:00,24.91
2026-01-28 13:15:00-06:00,24.18
2026-01-28 13:30:00-06:00,23.14
2026-01-28 13:45:00-06:00,21.27
2026-01-28 14:00:00-06:00,22.56
2026-01-28 14:15:00-06:00,19.14
2026-01-28 14:30:00-06:00,19.55
2026-01-28 14:45:00-06:00,18.48
2026-01-28 15:00:00-06:00,18.91
2026-01-28 15:15:00-06:00,13.42
2026-01-28 15:30:00-06:00,16.12
2026-01-28 15:45:00-06:00,14.78
2026-01-28 16:00:00-06:00,8.83
2026-01-28 16:15:00-06:00,27.72
2026-01-28 16:30:00-06:00,40.69
2026-01-28 16:45:00-06:00,77.45
2026-01-28 17:00:00-06:00,80.74
2026-01-28 17:15:00-06:00,98.75
2026-01-28 17:30:00-06:00,108.21
2026-01-28 17:45:00-06:00,107.41
2026-01-28 18:00:00-06:00,98.5
2026-01-28 18:15:00-06:00,93.83
2026-01-28 18:30:00-06:00,88.73
2026-01-28 18:45:00-06:00,83.26
2026-01-28 19:00:00-06:00,75.74
2026-01-28 19:15:00-06:00,63.04
2026-01-28 19:30:00-06:00,59.07
2026-01-28 19:45:00-06:00,58.11
2026-01-28 20:00:00-06:00,56.86
2026-01-28 20:15:00-06:00,54.46
2026-01-28 20:30:00-06:00,50.52
2026-01-28 20:45:00-06:00,45.46
2026-01-28 21:00:00-06:00,44.24
2026-01-28 21:15:00-06:00,38.38
2026-01-28 21:30:00-06:00,36.09
2026-01-28 21:45:00-06:00,35.24
2026-01-28 22:00:00-06:00,31.85
2026-01-28 22:15:00-06:00,31.47
2026-01-28 22:30:00-06:00,31.46
2026-01-28 22:45:00-06:00,30.36
2026-01-28 23:00:00-06:00,30.26
2026-01-28 23:15:00-06:00,27.73
2026-01-28 23:30:00-06:00,28.18
2026-01-28 23:45:00-06:00,26.66
2026-01-29 00:00:00-06:00,27.48
2026-01-29 00:15:00-06:00,27.0
2026-01-29 00:30:00-06:00,26.79
2026-01-29 00:45:00-06:00,26.81
2026-01-29 01:00:00-06:00,27.0
2026-01-29 01:15:00-06:00,26.42
2026-01-29 01:30:00-06:00,26.95
2026-01-29 01:45:00-06:00,26.39
2026-01-29 02:00:00-06:00,26.18
2026-01-29 02:15:00-06:00,25.74
2026-01-29 02:30:00-06:00,25.86
2026-01-29 02:45:00-06:00,25.63
2026-01-29 03:00:00-06:00,25.75
2026-01-29 03:15:00-06:00,25.75
2026-01-29 03:30:00-06:00,25.96
2026-01-29 03:45:00-06:00,26.14
2026-01-29 04:00:00-06:00,26.68
2026-01-29 04:15:00-06:00,27.45
2026-01-29 04:30:00-06:00,28.82
2026-01-29 04:45:00-06:00,29.28
2026-01-29 05:00:00-06:00,32.18
2026-01-29 05:15:00-06:00,36.23
2026-01-29 05:30:00-06:00,38.29
2026-01-29 05:45:00-06:00,41.06
2026-01-29 06:00:00-06:00,42.17
2026-01-29 06:15:00-06:00,43.64
2026-01-29 06:30:00-06:00,45.05
2026-01-29 06:45:00-06:00,47.21
2026-01-29 07:00:00-06:00,51.46
2026-01-29 07:15:00-06:00,52.14
2026-01-29 07:30:00-06:00,44.47
2026-01-29 07:45:00-06:00,34.74
2026-01-29 08:00:00-06:00,30.89
2026-01-29 08:15:00-06:00,26.11
2026-01-29 08:30:00-06:00,21.59
2026-01-29 08:45:00-06:00,12.78
2026-01-29 09:00:00-06:00,11.17
2026-01-29 09:15:00-06:00,15.12
2026-01-29 09:30:00-06:00,14.72
2026-01-29 09:45:00-06:00,9.86
2026-01-29 10:00:00-06:00,3.29
2026-01-29 10:15:00-06:00,0.26
2026-01-29 10:30:00-06:00,-0.01
2026-01-29 10:45:00-06:00,-0.91
2026-01-29 11:00:00-06:00,-1.8
2026-01-29 11:15:00-06:00,-2.38
2026-01-29 11:30:00-06:00,-3.2
2026-01-29 11:45:00-06:00,-4.37
2026-01-29 12:00:00-06:00,-4.56
2026-01-29 12:15:00-06:00,-3.26
2026-01-29 12:30:00-06:00,-4.43
2026-01-29 12:45:00-06:00,-4.5
2026-01-29 13:00:00-06:00,-3.67
2026-01-29 13:15:00-06:00,-2.99
2026-01-29 13:30:00-06:00,-3.35
2026-01-29 13:45:00-06:00,-4.58
2026-01-29 14:00:00-06:00,-4.15
2026-01-29 14:15:00-06:00,-4.76
2026-01-29 14:30:00-06:00,-5.04
2026-01-29 14:45:00-06:00,-6.66
2026-01-29 15:00:00-06:00,-5.35
2026-01-29 15:15:00-06:00,-5.26
2026-01-29 15:30:00-06:00,-4.94
2026-01-29 15:45:00-06:00,-5.71
2026-01-29 16:00:00-06:00,-5.66
2026-01-29 16:15:00-06:00,-3.95
2026-01-29 16:30:00-06:00,-1.66
2026-01-29 16:45:00-06:00,-0.39
2026-01-29 17:00:00-06:00,22.6
2026-01-29 17:15:00-06:00,33.6
2026-01-29 17:30:00-06:00,41.46
2026-01-29 17:45:00-06:00,62.82
2026-01-29 18:00:00-06:00,48.82
2026-01-29 18:15:00-06:00,42.41
2026-01-29 18:30:00-06:00,40.2
2026-01-29 18:45:00-06:00,38.05
2026-01-29 19:00:00-06:00,37.51
2026-01-29 19:15:00-06:00,39.91
2026-01-29 19:30:00-06:00,41.49
2026-01-29 19:45:00-06:00,40.89
2026-01-29 20:00:00-06:00,41.72
2026-01-29 20:15:00-06:00,44.8
2026-01-29 20:30:00-06:00,60.27
2026-01-29 20:45:00-06:00,65.51
2026-01-29 21:00:00-06:00,51.5
2026-01-29 21:15:00-06:00,35.34
2026-01-29 21:30:00-06:00,36.65
2026-01-29 21:45:00-06:00,38.49
2026-01-29 22:00:00-06:00,33.96
2026-01-29 22:15:00-06:00,36.32
2026-01-29 22:30:00-06:00,42.28
2026-01-29 22:45:00-06:00,38.04
2026-01-29 23:00:00-06:00,35.13
2026-01-29 23:15:00-06:00,35.54
2026-01-29 23:30:00-06:00,36.26
2026-01-29 23:45:00-06:00,32.85
2026-01-30 00:00:00-06:00,42.26
2026-01-30 00:15:00-06:00,32.03
2026-01-30 00:30:00-06:00,33.63
2026-01-30 00:45:00-06:00,28.85
2026-01-30 01:00:00-06:00,35.5
2026-01-30 01:15:00-06:00,33.65
2026-01-30 01:30:00-06:00,34.09
2026-01-30 01:45:00-06:00,33.63
2026-01-30 02:00:00-06:00,38.32
2026-01-30 02:15:00-06:00,41.11
2026-01-30 02:30:00-06:00,46.13
2026-01-30 02:45:00-06:00,46.8
2026-01-30 03:00:00-06:00,47.45
2026-01-30 03:15:00-06:00,58.57
2026-01-30 03:30:00-06:00,52.95
2026-01-30 03:45:00-06:00,52.15
2026-01-30 04:00:00-06:00,52.16
2026-01-30 04:15:00-06:00,54.86
2026-01-30 04:30:00-06:00,62.77
2026-01-30 04:45:00-06:00,55.3
2026-01-30 05:00:00-06:00,64.84
2026-01-30 05:15:00-06:00,58.76
2026-01-30 05:30:00-06:00,59.64
2026-01-30 05:45:00-06:00,61.72
2026-01-30 06:00:00-06:00,47.03
2026-01-30 06:15:00-06:00,51.37
2026-01-30 06:30:00-06:00,63.56
2026-01-30 06:45:00-06:00,62.78
2026-01-30 07:00:00-06:00,51.74
2026-01-30 07:15:00-06:00,52.19
2026-01-30 07:30:00-06:00,55.14
2026-01-30 07:45:00-06:00,48.93
2026-01-30 08:00:00-06:00,52.26
2026-01-30 08:15:00-06:00,65.33
2026-01-30 08:30:00-06:00,50.92
2026-01-30 08:45:00-06:00,42.35
2026-01-30 09:00:00-06:00,44.95
2026-01-30 09:15:00-06:00,41.73
2026-01-30 09:30:00-06:00,37.96
2026-01-30 09:45:00-06:00,39.93
2026-01-30 10:00:00-06:00,41.66
2026-01-30 10:15:00-06:00,40.39
2026-01-30 10:30:00-06:00,38.9
2026-01-30 10:45:00-06:00,32.26
2026-01-30 11:00:00-06:00,30.07
2026-01-30 11:15:00-06:00,30.31
2026-01-30 11:30:00-06:00,29.89
2026-01-30 11:45:00-06:00,28.51
2026-01-30 12:00:00-06:00,27.96
2026-01-30 12:15:00-06:00,26.1
2026-01-30 12:30:00-06:00,25.18
2026-01-30 12:45:00-06:00,25.28
2026-01-30 13:00:00-06:00,25.91
2026-01-30 13:15:00-06:00,25.45
2026-01-30 13:30:00-06:00,25.96
2026-01-30 13:45:00-06:00,26.23
2026-01-30 14:00:00-06:00,29.17
2026-01-30 14:15:00-06:00,29.59
2026-01-30 14:30:00-06:00,30.18
2026-01-30 14:45:00-06:00,30.31
2026-01-30 15:00:00-06:00,30.62
2026-01-30 15:15:00-06:00,32.44
2026-01-30 15:30:00-06:00,33.34
2026-01-30 15:45:00-06:00,32.98
2026-01-30 16:00:00-06:00,25.75
2026-01-30 16:15:00-06:00,27.64
2026-01-30 16:30:00-06:00,34.1
2026-01-30 16:45:00-06:00,38.37
2026-01-30 17:00:00-06:00,42.72
2026-01-30 17:15:00-06:00,64.92
2026-01-30 17:30:00-06:00,87.12
2026-01-30 17:45:00-06:00,97.21
2026-01-30 18:00:00-06:00,86.63
2026-01-30 18:15:00-06:00,86.07
2026-01-30 18:30:00-06:00,90.65
2026-01-30 18:45:00-06:00,93.8
2026-01-30 19:00:00-06:00,92.63
2026-01-30 19:15:00-06:00,93.2
2026-01-30 19:30:00-06:00,90.32
2026-01-30 19:45:00-06:00,88.99
2026-01-30 20:00:00-06:00,84.39
2026-01-30 20:15:00-06:00,77.34
2026-01-30 20:30:00-06:00,72.46
2026-01-30 20:45:00-06:00,71.96
2026-01-30 21:00:00-06:00,78.64
2026-01-30 21:15:00-06:00,73.09
2026-01-30 21:30:00-06:00,61.58
2026-01-30 21:45:00-06:00,54.31
2026-01-30 22:00:00-06:00,52.23
2026-01-30 22:15:00-06:00,55.95
2026-01-30 22:30:00-06:00,56.05
2026-01-30 22:45:00-06:00,55.07
2026-01-30 23:00:00-06:00,51.02
2026-01-30 23:15:00-06:00,52.03
2026-01-30 23:30:00-06:00,51.24
2026-01-30 23:45:00-06:00,44.83
