Time,Interval Start,Interval End,Location,Location Type,Market,SPP
2026-06-28 00:00:00-05:00,2026-06-28 00:00:00-05:00,2026-06-28 00:15:00-05:00,HB_HOUSTON,Trading Hub,REAL_TIME_15_MIN,24.6
2026-06-28 00:15:00-05:00,2026-06-28 00:15:00-05:00,2026-06-28 00:30:00-05:00,HB_HOUSTON,Trading Hub,REAL_TIME_15_MIN,24.15
2026-06-28 00:30:00-05:00,2026-06-28 00:30:00-05:00,2026-06-28 00:45:00-05:00,HB_HOUSTON,Trading Hub,REAL_TIME_15_MIN,23.29
2026-06-28 00:45:00-05:00,2026-06-28 00:45:00-05:00,2026-06-28 01:00:00-05:00,HB_HOUSTON,Trading Hub,REAL_TIME_15_MIN,23.16
2026-06-28 01:00:00-05:00,2026-06-28 01:00:00-05:00,2026-06-28 01:15:00-05:00,HB_HOUSTON,Trading Hub,REAL_TIME_15_MIN,24.33
2026-06-28 01:15:00-05:00,2026-06-28 01:15:00-05:00,2026-06-28 01:30:00-05:00,HB_HOUSTON,Trading Hub,REAL_TIME_15_MIN,24.36
2026-06-28 01:30:00-05:00,2026-06-28 01:30:00-05:00,2026-06-28 01:45:00-05:00,HB_HOUSTON,Trading Hub,REAL_TIME_15_MIN,24.2
2026-06-28 01:45:00-05:00,2026-06-28 01:45:00-05:00,2026-06-28 02:00:00-05:00,HB_HOUSTON,Trading Hub,REAL_TIME_15_MIN,23.28
2026-06-28 02:00:00-05:00,2026-06-28 02:00:00-05:00,2026-06-28 02:15:00-05:00,HB_HOUSTON,Trading Hub,REAL_TIME_15_MIN,21.94
2026-06-28 02:15:00-05:00,2026-06-28 02:15:00-05:00,2026-06-28 02:30:00-05:00,HB_HOUSTON,Trading Hub,REAL_TIME_15_MIN,22.67
2026-06-28 02:30:00-05:00,2026-06-28 02:30:00-05:00,2026-06-28 02:45:00-05:00,HB_HOUSTON,Trading Hub,REAL_TIME_15_MIN,23.1
2026-06-28 02:45:00-05:00,2026-06-28 02:45:00-05:00,2026-06-28 03:00:00-05:00,HB_HOUSTON,Trading Hub,REAL_TIME_15_MIN,22.6
2026-06-28 03:00:00-05:00,2026-06-28 03:00:00-05:00,2026-06-28 03:15:00-05:00,HB_HOUSTON,Trading Hub,REAL_TIME_15_MIN,22.8
2026-06-28 03:15:00-05:00,2026-06-28 03:15:00-05:00,2026-06-28 03:30:00-05:00,HB_HOUSTON,Trading Hub,REAL_TIME_15_MIN,22.64
2026-06-28 03:30:00-05:00,2026-06-28 03:30:00-05:00,2026-06-28 03:45:00-05:00,HB_HOUSTON,Trading Hub,REAL_TIME_15_MIN,22.59
2026-06-28 03:45:00-05:00,2026-06-28 03:45:00-05:00,2026-06-28 04:00:00-05:00,HB_HOUSTON,Trading Hub,REAL_TIME_15_MIN,22.72
2026-06-28 04:00:00-05:00,2026-06-28 04:00:00-05:00,2026-06-28 04:15:00-05:00,HB_HOUSTON,Trading Hub,REAL_TIME_15_MIN,22.91
2026-06-28 04:15:00-05:00,2026-06-28 04:15:00-05:00,2026-06-28 04:30:00-05:00,HB_HOUSTON,Trading Hub,REAL_TIME_15_MIN,22.81
2026-06-28 04:30:00-05:00,2026-06-28 04:30:00-05:00,2026-06-28 04:45:00-05:00,HB_HOUSTON,Trading Hub,REAL_TIME_15_MIN,22.64
2026-06-28 04:45:00-05:00,2026-06-28 04:45:00-05:00,2026-06-28 05:00:00-05:00,HB_HOUSTON,Trading Hub,REAL_TIME_15_MIN,22.34
2026-06-28 05:00:00-05:00,2026-06-28 05:00:00-05:00,2026-06-28 05:15:00-05:00,HB_HOUSTON,Trading Hub,REAL_TIME_15_MIN,22.64
2026-06-28 05:15:00-05:00,2026-06-28 05:15:00-05:00,2026-06-28 05:30:00-05:00,HB_HOUSTON,Trading Hub,REAL_TIME_15_MIN,22.51
2026-06-28 05:30:00-05:00,2026-06-28 05:30:00-05:00,2026-06-28 05:45:00-05:00,HB_HOUSTON,Trading Hub,REAL_TIME_15_MIN,21.93
2026-06-28 05:45:00-05:00,2026-06-28 05:45:00-05:00,2026-06-28 06:00:00-05:00,HB_HOUSTON,Trading Hub,REAL_TIME_15_MIN,21.78
2026-06-28 06:00:00-05:00,2026-06-28 06:00:00-05:00,2026-06-28 06:15:00-05:00,HB_HOUSTON,Trading Hub,REAL_TIME_15_MIN,21.39
2026-06-28 06:15:00-05:00,2026-06-28 06:15:00-05:00,2026-06-28 06:30:00-05:00,HB_HOUSTON,Trading Hub,REAL_TIME_15_MIN,21.4
2026-06-28 06:30:00-05:00,2026-06-28 06:30:00-05:00,2026-06-28 06:45:00-05:00,HB_HOUSTON,Trading Hub,REAL_TIME_15_MIN,21.51
2026-06-28 06:45:00-05:00,2026-06-28 06:45:00-05:00,2026-06-28 07:00:00-05:00,HB_HOUSTON,Trading Hub,REAL_TIME_15_MIN,20.36
2026-06-28 07:00:00-05:00,2026-06-28 07:00:00-05:00,2026-06-28 07:15:00-05:00,HB_HOUSTON,Trading Hub,REAL_TIME_15_MIN,19.45
2026-06-28 07:15:00-05:00,2026-06-28 07:15:00-05:00,2026-06-28 07:30:00-05:00,HB_HOUSTON,Trading Hub,REAL_TIME_15_MIN,17.68
2026-06-28 07:30:00-05:00,2026-06-28 07:30:00-05:00,2026-06-28 07:45:00-05:00,HB_HOUSTON,Trading Hub,REAL_TIME_15_MIN,16.14
2026-06-28 07:45:00-05:00,2026-06-28 07:45:00-05:00,2026-06-28 08:00:00-05:00,HB_HOUSTON,Trading Hub,REAL_TIME_15_MIN,15.03
2026-06-28 08:00:00-05:00,2026-06-28 08:00:00-05:00,2026-06-28 08:15:00-05:00,HB_HOUSTON,Trading Hub,REAL_TIME_15_MIN,15.51
2026-06-28 08:15:00-05:00,2026-06-28 08:15:00-05:00,2026-06-28 08:30:00-05:00,HB_HOUSTON,Trading Hub,REAL_TIME_15_MIN,17.27
2026-06-28 08:30:00-05:00,2026-06-28 08:30:00-05:00,2026-06-28 08:45:00-05:00,HB_HOUSTON,Trading Hub,REAL_TIME_15_MIN,19.07
2026-06-28 08:45:00-05:00,2026-06-28 08:45:00-05:00,2026-06-28 09:00:00-05:00,HB_HOUSTON,Trading Hub,REAL_TIME_15_MIN,19.49
2026-06-28 09:00:00-05:00,2026-06-28 09:00:00-05:00,2026-06-28 09:15:00-05:00,HB_HOUSTON,Trading Hub,REAL_TIME_15_MIN,19.32
2026-06-28 09:15:00-05:00,2026-06-28 09:15:00-05:00,2026-06-28 09:30:00-05:00,HB_HOUSTON,Trading Hub,REAL_TIME_15_MIN,20.64
2026-06-28 09:30:00-05:00,2026-06-28 09:30:00-05:00,2026-06-28 09:45:00-05:00,HB_HOUSTON,Trading Hub,REAL_TIME_15_MIN,20.44
2026-06-28 09:45:00-05:00,2026-06-28 09:45:00-05:00,2026-06-28 10:00:00-05:00,HB_HOUSTON,Trading Hub,REAL_TIME_15_MIN,20.28
2026-06-28 10:00:00-05:00,2026-06-28 10:00:00-05:00,2026-06-28 10:15:00-05:00,HB_HOUSTON,Trading Hub,REAL_TIME_15_MIN,21.45
2026-06-28 10:15:00-05:00,2026-06-28 10:15:00-05:00,2026-06-28 10:30:00-05:00,HB_HOUSTON,Trading Hub,REAL_TIME_15_MIN,20.84
2026-06-28 10:30:00-05:00,2026-06-28 10:30:00-05:00,2026-06-28 10:45:00-05:00,HB_HOUSTON,Trading Hub,REAL_TIME_15_MIN,20.64
2026-06-28 10:45:00-05:00,2026-06-28 10:45:00-05:00,2026-06-28 11:00:00-05:00,HB_HOUSTON,Trading Hub,REAL_TIME_15_MIN,22.64
2026-06-28 11:00:00-05:00,2026-06-28 11:00:00-05:00,2026-06-28 11:15:00-05:00,HB_HOUSTON,Trading Hub,REAL_TIME_15_MIN,23.42
2026-06-28 11:15:00-05:00,2026-06-28 11:15:00-05:00,2026-06-28 11:30:00-05:00,HB_HOUSTON,Trading Hub,REAL_TIME_15_MIN,25.76
2026-06-28 11:30:00-05:00,2026-06-28 11:30:00-05:00,2026-06-28 11:45:00-05:00,HB_HOUSTON,Trading Hub,REAL_TIME_15_MIN,26.26
2026-06-28 11:45:00-05:00,2026-06-28 11:45:00-05:00,2026-06-28 12:00:00-05:00,HB_HOUSTON,Trading Hub,REAL_TIME_15_MIN,26.17
2026-06-28 12:00:00-05:00,2026-06-28 12:00:00-05:00,2026-06-28 12:15:00-05:00,HB_HOUSTON,Trading Hub,REAL_TIME_15_MIN,27.44
2026-06-28 12:15:00-05:00,2026-06-28 12:15:00-05:00,2026-06-28 12:30:00-05:00,HB_HOUSTON,Trading Hub,REAL_TIME_15_MIN,29.79
2026-06-28 12:30:00-05:00,2026-06-28 12:30:00-05:00,2026-06-28 12:45:00-05:00,HB_HOUSTON,Trading Hub,REAL_TIME_15_MIN,28.96
2026-06-28 12:45:00-05:00,2026-06-28 12:45:00-05:00,2026-06-28 13:00:00-05:00,HB_HOUSTON,Trading Hub,REAL_TIME_15_MIN,28.98
2026-06-28 13:00:00-05:00,2026-06-28 13:00:00-05:00,2026-06-28 13:15:00-05:00,HB_HOUSTON,Trading Hub,REAL_TIME_15_MIN,29.17
2026-06-28 13:15:00-05:00,2026-06-28 13:15:00-05:00,2026-06-28 13:30:00-05:00,HB_HOUSTON,Trading Hub,REAL_TIME_15_MIN,27.1
2026-06-28 13:30:00-05:00,2026-06-28 13:30:00-05:00,2026-06-28 13:45:00-05:00,HB_HOUSTON,Trading Hub,REAL_TIME_15_MIN,26.58
2026-06-28 13:45:00-05:00,2026-06-28 13:45:00-05:00,2026-06-28 14:00:00-05:00,HB_HOUSTON,Trading Hub,REAL_TIME_15_MIN,24.42
2026-06-28 14:00:00-05:00,2026-06-28 14:00:00-05:00,2026-06-28 14:15:00-05:00,HB_HOUSTON,Trading Hub,REAL_TIME_15_MIN,24.45
2026-06-28 14:15:00-05:00,2026-06-28 14:15:00-05:00,2026-06-28 14:30:00-05:00,HB_HOUSTON,Trading Hub,REAL_TIME_15_MIN,24.62
2026-06-28 14:30:00-05:00,2026-06-28 14:30:00-05:00,2026-06-28 14:45:00-05:00,HB_HOUSTON,Trading Hub,REAL_TIME_15_MIN,24.16
2026-06-28 14:45:00-05:00,2026-06-28 14:45:00-05:00,2026-06-28 15:00:00-05:00,HB_HOUSTON,Trading Hub,REAL_TIME_15_MIN,25.75
2026-06-28 15:00:00-05:00,2026-06-28 15:00:00-05:00,2026-06-28 15:15:00-05:00,HB_HOUSTON,Trading Hub,REAL_TIME_15_MIN,25.42
2026-06-28 15:15:00-05:00,2026-06-28 15:15:00-05:00,2026-06-28 15:30:00-05:00,HB_HOUSTON,Trading Hub,REAL_TIME_15_MIN,26.15
2026-06-28 15:30:00-05:00,2026-06-28 15:30:00-05:00,2026-06-28 15:45:00-05:00,HB_HOUSTON,Trading Hub,REAL_TIME_15_MIN,27.07
2026-06-28 15:45:00-05:00,2026-06-28 15:45:00-05:00,2026-06-28 16:00:00-05:00,HB_HOUSTON,Trading Hub,REAL_TIME_15_MIN,27.5
2026-06-28 16:00:00-05:00,2026-06-28 16:00:00-05:00,2026-06-28 16:15:00-05:00,HB_HOUSTON,Trading Hub,REAL_TIME_15_MIN,26.7
2026-06-28 16:15:00-05:00,2026-06-28 16:15:00-05:00,2026-06-28 16:30:00-05:00,HB_HOUSTON,Trading Hub,REAL_TIME_15_MIN,29.9
2026-06-28 16:30:00-05:00,2026-06-28 16:30:00-05:00,2026-06-28 16:45:00-05:00,HB_HOUSTON,Trading Hub,REAL_TIME_15_MIN,30.58
2026-06-28 16:45:00-05:00,2026-06-28 16:45:00-05:00,2026-06-28 17:00:00-05:00,HB_HOUSTON,Trading Hub,REAL_TIME_15_MIN,24.63
2026-06-28 17:00:00-05:00,2026-06-28 17:00:00-05:00,2026-06-28 17:15:00-05:00,HB_HOUSTON,Trading Hub,REAL_TIME_15_MIN,25.25
2026-06-28 17:15:00-05:00,2026-06-28 17:15:00-05:00,2026-06-28 17:30:00-05:00,HB_HOUSTON,Trading Hub,REAL_TIME_15_MIN,23.25
2026-06-28 17:30:00-05:00,2026-06-28 17:30:00-05:00,2026-06-28 17:45:00-05:00,HB_HOUSTON,Trading Hub,REAL_TIME_15_MIN,25.97
2026-06-28 17:45:00-05:00,2026-06-28 17:45:00-05:00,2026-06-28 18:00:00-05:00,HB_HOUSTON,Trading Hub,REAL_TIME_15_MIN,25.36
2026-06-28 18:00:00-05:00,2026-06-28 18:00:00-05:00,2026-06-28 18:15:00-05:00,HB_HOUSTON,Trading Hub,REAL_TIME_15_MIN,26.03
2026-06-28 18:15:00-05:00,2026-06-28 18:15:00-05:00,2026-06-28 18:30:00-05:00,HB_HOUSTON,Trading Hub,REAL_TIME_15_MIN,26.92
2026-06-28 18:30:00-05:00,2026-06-28 18:30:00-05:00,2026-06-28 18:45:00-05:00,HB_HOUSTON,Trading Hub,REAL_TIME_15_MIN,27.49
2026-06-28 18:45:00-05:00,2026-06-28 18:45:00-05:00,2026-06-28 19:00:00-05:00,HB_HOUSTON,Trading Hub,REAL_TIME_15_MIN,27.5
2026-06-28 19:00:00-05:00,2026-06-28 19:00:00-05:00,2026-06-28 19:15:00-05:00,HB_HOUSTON,Trading Hub,REAL_TIME_15_MIN,27.4
2026-06-28 19:15:00-05:00,2026-06-28 19:15:00-05:00,2026-06-28 19:30:00-05:00,HB_HOUSTON,Trading Hub,REAL_TIME_15_MIN,30.17
2026-06-28 19:30:00-05:00,2026-06-28 19:30:00-05:00,2026-06-28 19:45:00-05:00,HB_HOUSTON,Trading Hub,REAL_TIME_15_MIN,35.59
2026-06-28 19:45:00-05:00,2026-06-28 19:45:00-05:00,2026-06-28 20:00:00-05:00,HB_HOUSTON,Trading Hub,REAL_TIME_15_MIN,40.92
2026-06-28 20:00:00-05:00,2026-06-28 20:00:00-05:00,2026-06-28 20:15:00-05:00,HB_HOUSTON,Trading Hub,REAL_TIME_15_MIN,35.97
2026-06-28 20:15:00-05:00,2026-06-28 20:15:00-05:00,2026-06-28 20:30:00-05:00,HB_HOUSTON,Trading Hub,REAL_TIME_15_MIN,35.14
2026-06-28 20:30:00-05:00,2026-06-28 20:30:00-05:00,2026-06-28 20:45:00-05:00,HB_HOUSTON,Trading Hub,REAL_TIME_15_MIN,34.83
2026-06-28 20:45:00-05:00,2026-06-28 20:45:00-05:00,2026-06-28 21:00:00-05:00,HB_HOUSTON,Trading Hub,REAL_TIME_15_MIN,33.87
2026-06-28 21:00:00-05:00,2026-06-28 21:00:00-05:00,2026-06-28 21:15:00-05:00,HB_HOUSTON,Trading Hub,REAL_TIME_15_MIN,39.86
2026-06-28 21:15:00-05:00,2026-06-28 21:15:00-05:00,2026-06-28 21:30:00-05:00,HB_HOUSTON,Trading Hub,REAL_TIME_15_MIN,36.58
2026-06-28 21:30:00-05:00,2026-06-28 21:30:00-05:00,2026-06-28 21:45:00-05:00,HB_HOUSTON,Trading Hub,REAL_TIME_15_MIN,33.72
2026-06-28 21:45:00-05:00,2026-06-28 21:45:00-05:00,2026-06-28 22:00:00-05:00,HB_HOUSTON,Trading Hub,REAL_TIME_15_MIN,32.8
2026-06-28 22:00:00-05:00,2026-06-28 22:00:00-05:00,2026-06-28 22:15:00-05:00,HB_HOUSTON,Trading Hub,REAL_TIME_15_MIN,33.98
2026-06-28 22:15:00-05:00,2026-06-28 22:15:00-05:00,2026-06-28 22:30:00-05:00,HB_HOUSTON,Trading Hub,REAL_TIME_15_MIN,31.73
2026-06-28 22:30:00-05:00,2026-06-28 22:30:00-05:00,2026-06-28 22:45:00-05:00,HB_HOUSTON,Trading Hub,REAL_TIME_15_MIN,30.36
2026-06-28 22:45:00-05:00,2026-06-28 22:45:00-05:00,2026-06-28 23:00:00-05:00,HB_HOUSTON,Trading Hub,REAL_TIME_15_MIN,28.83
2026-06-28 23:00:00-05:00,2026-06-28 23:00:00-05:00,2026-06-28 23:15:00-05:00,HB_HOUSTON,Trading Hub,REAL_TIME_15_MIN,28.4
2026-06-28 23:15:00-05:00,2026-06-28 23:15:00-05:00,2026-06-28 23:30:00-05:00,HB_HOUSTON,Trading Hub,REAL_TIME_15_MIN,26.93
2026-06-28 23:30:00-05:00,2026-06-28 23:30:00-05:00,2026-06-28 23:45:00-05:00,HB_HOUSTON,Trading Hub,REAL_TIME_15_MIN,25.13
2026-06-28 23:45:00-05:00,2026-06-28 23:45:00-05:00,2026-06-29 00:00:00-05:00,HB_HOUSTON,Trading Hub,REAL_TIME_15_MIN,24.7
2026-06-29 00:00:00-05:00,2026-06-29 00:00:00-05:00,2026-06-29 00:15:00-05:00,HB_HOUSTON,Trading Hub,REAL_TIME_15_MIN,24.27
2026-06-29 00:15:00-05:00,2026-06-29 00:15:00-05:00,2026-06-29 00:30:00-05:00,HB_HOUSTON,Trading Hub,REAL_TIME_15_MIN,24.01
2026-06-29 00:30:00-05:00,2026-06-29 00:30:00-05:00,2026-06-29 00:45:00-05:00,HB_HOUSTON,Trading Hub,REAL_TIME_15_MIN,23.72
2026-06-29 00:45:00-05:00,2026-06-29 00:45:00-05:00,2026-06-29 01:00:00-05:00,HB_HOUSTON,Trading Hub,REAL_TIME_15_MIN,23.4
2026-06-29 01:00:00-05:00,2026-06-29 01:00:00-05:00,2026-06-29 01:15:00-05:00,HB_HOUSTON,Trading Hub,REAL_TIME_15_MIN,22.92
2026-06-29 01:15:00-05:00,2026-06-29 01:15:00-05:00,2026-06-29 01:30:00-05:00,HB_HOUSTON,Trading Hub,REAL_TIME_15_MIN,22.85
2026-06-29 01:30:00-05:00,2026-06-29 01:30:00-05:00,2026-06-29 01:45:00-05:00,HB_HOUSTON,Trading Hub,REAL_TIME_15_MIN,22.3
2026-06-29 01:45:00-05:00,2026-06-29 01:45:00-05:00,2026-06-29 02:00:00-05:00,HB_HOUSTON,Trading Hub,REAL_TIME_15_MIN,22.12
2026-06-29 02:00:00-05:00,2026-06-29 02:00:00-05:00,2026-06-29 02:15:00-05:00,HB_HOUSTON,Trading Hub,REAL_TIME_15_MIN,21.98
2026-06-29 02:15:00-05:00,2026-06-29 02:15:00-05:00,2026-06-29 02:30:00-05:00,HB_HOUSTON,Trading Hub,REAL_TIME_15_MIN,21.56
2026-06-29 02:30:00-05:00,2026-06-29 02:30:00-05:00,2026-06-29 02:45:00-05:00,HB_HOUSTON,Trading Hub,REAL_TIME_15_MIN,21.53
2026-06-29 02:45:00-05:00,2026-06-29 02:45:00-05:00,2026-06-29 03:00:00-05:00,HB_HOUSTON,Trading Hub,REAL_TIME_15_MIN,21.35
2026-06-29 03:00:00-05:00,2026-06-29 03:00:00-05:00,2026-06-29 03:15:00-05:00,HB_HOUSTON,Trading Hub,REAL_TIME_15_MIN,21.09
2026-06-29 03:15:00-05:00,2026-06-29 03:15:00-05:00,2026-06-29 03:30:00-05:00,HB_HOUSTON,Trading Hub,REAL_TIME_15_MIN,21.21
2026-06-29 03:30:00-05:00,2026-06-29 03:30:00-05:00,2026-06-29 03:45:00-05:00,HB_HOUSTON,Trading Hub,REAL_TIME_15_MIN,21.19
2026-06-29 03:45:00-05:00,2026-06-29 03:45:00-05:00,2026-06-29 04:00:00-05:00,HB_HOUSTON,Trading Hub,REAL_TIME_15_MIN,20.81
2026-06-29 04:00:00-05:00,2026-06-29 04:00:00-05:00,2026-06-29 04:15:00-05:00,HB_HOUSTON,Trading Hub,REAL_TIME_15_MIN,20.91
2026-06-29 04:15:00-05:00,2026-06-29 04:15:00-05:00,2026-06-29 04:30:00-05:00,HB_HOUSTON,Trading Hub,REAL_TIME_15_MIN,20.8
2026-06-29 04:30:00-05:00,2026-06-29 04:30:00-05:00,2026-06-29 04:45:00-05:00,HB_HOUSTON,Trading Hub,REAL_TIME_15_MIN,20.64
2026-06-29 04:45:00-05:00,2026-06-29 04:45:00-05:00,2026-06-29 05:00:00-05:00,HB_HOUSTON,Trading Hub,REAL_TIME_15_MIN,20.57
2026-06-29 05:00:00-05:00,2026-06-29 05:00:00-05:00,2026-06-29 05:15:00-05:00,HB_HOUSTON,Trading Hub,REAL_TIME_15_MIN,21.42
2026-06-29 05:15:00-05:00,2026-06-29 05:15:00-05:00,2026-06-29 05:30:00-05:00,HB_HOUSTON,Trading Hub,REAL_TIME_15_MIN,21.8
2026-06-29 05:30:00-05:00,2026-06-29 05:30:00-05:00,2026-06-29 05:45:00-05:00,HB_HOUSTON,Trading Hub,REAL_TIME_15_MIN,21.61
2026-06-29 05:45:00-05:00,2026-06-29 05:45:00-05:00,2026-06-29 06:00:00-05:00,HB_HOUSTON,Trading Hub,REAL_TIME_15_MIN,21.72
2026-06-29 06:00:00-05:00,2026-06-29 06:00:00-05:00,2026-06-29 06:15:00-05:00,HB_HOUSTON,Trading Hub,REAL_TIME_15_MIN,23.44
2026-06-29 06:15:00-05:00,2026-06-29 06:15:00-05:00,2026-06-29 06:30:00-05:00,HB_HOUSTON,Trading Hub,REAL_TIME_15_MIN,22.83
2026-06-29 06:30:00-05:00,2026-06-29 06:30:00-05:00,2026-06-29 06:45:00-05:00,HB_HOUSTON,Trading Hub,REAL_TIME_15_MIN,21.95
2026-06-29 06:45:00-05:00,2026-06-29 06:45:00-05:00,2026-06-29 07:00:00-05:00,HB_HOUSTON,Trading Hub,REAL_TIME_15_MIN,21.86
2026-06-29 07:00:00-05:00,2026-06-29 07:00:00-05:00,2026-06-29 07:15:00-05:00,HB_HOUSTON,Trading Hub,REAL_TIME_15_MIN,21.4
2026-06-29 07:15:00-05:00,2026-06-29 07:15:00-05:00,2026-06-29 07:30:00-05:00,HB_HOUSTON,Trading Hub,REAL_TIME_15_MIN,21.3
2026-06-29 07:30:00-05:00,2026-06-29 07:30:00-05:00,2026-06-29 07:45:00-05:00,HB_HOUSTON,Trading Hub,REAL_TIME_15_MIN,19.98
2026-06-29 07:45:00-05:00,2026-06-29 07:45:00-05:00,2026-06-29 08:00:00-05:00,HB_HOUSTON,Trading Hub,REAL_TIME_15_MIN,18.33
2026-06-29 08:00:00-05:00,2026-06-29 08:00:00-05:00,2026-06-29 08:15:00-05:00,HB_HOUSTON,Trading Hub,REAL_TIME_15_MIN,20.91
2026-06-29 08:15:00-05:00,2026-06-29 08:15:00-05:00,2026-06-29 08:30:00-05:00,HB_HOUSTON,Trading Hub,REAL_TIME_15_MIN,22.25
2026-06-29 08:30:00-05:00,2026-06-29 08:30:00-05:00,2026-06-29 08:45:00-05:00,HB_HOUSTON,Trading Hub,REAL_TIME_15_MIN,22.66
2026-06-29 08:45:00-05:00,2026-06-29 08:45:00-05:00,2026-06-29 09:00:00-05:00,HB_HOUSTON,Trading Hub,REAL_TIME_15_MIN,24.91
2026-06-29 09:00:00-05:00,2026-06-29 09:00:00-05:00,2026-06-29 09:15:00-05:00,HB_HOUSTON,Trading Hub,REAL_TIME_15_MIN,24.44
2026-06-29 09:15:00-05:00,2026-06-29 09:15:00-05:00,2026-06-29 09:30:00-05:00,HB_HOUSTON,Trading Hub,REAL_TIME_15_MIN,23.53
2026-06-29 09:30:00-05:00,2026-06-29 09:30:00-05:00,2026-06-29 09:45:00-05:00,HB_HOUSTON,Trading Hub,REAL_TIME_15_MIN,21.7
2026-06-29 09:45:00-05:00,2026-06-29 09:45:00-05:00,2026-06-29 10:00:00-05:00,HB_HOUSTON,Trading Hub,REAL_TIME_15_MIN,21.7
2026-06-29 10:00:00-05:00,2026-06-29 10:00:00-05:00,2026-06-29 10:15:00-05:00,HB_HOUSTON,Trading Hub,REAL_TIME_15_MIN,24.67
2026-06-29 10:15:00-05:00,2026-06-29 10:15:00-05:00,2026-06-29 10:30:00-05:00,HB_HOUSTON,Trading Hub,REAL_TIME_15_MIN,25.76
2026-06-29 10:30:00-05:00,2026-06-29 10:30:00-05:00,2026-06-29 10:45:00-05:00,HB_HOUSTON,Trading Hub,REAL_TIME_15_MIN,28.26
2026-06-29 10:45:00-05:00,2026-06-29 10:45:00-05:00,2026-06-29 11:00:00-05:00,HB_HOUSTON,Trading Hub,REAL_TIME_15_MIN,35.12
2026-06-29 11:00:00-05:00,2026-06-29 11:00:00-05:00,2026-06-29 11:15:00-05:00,HB_HOUSTON,Trading Hub,REAL_TIME_15_MIN,29.82
2026-06-29 11:15:00-05:00,2026-06-29 11:15:00-05:00,2026-06-29 11:30:00-05:00,HB_HOUSTON,Trading Hub,REAL_TIME_15_MIN,29.9
2026-06-29 11:30:00-05:00,2026-06-29 11:30:00-05:00,2026-06-29 11:45:00-05:00,HB_HOUSTON,Trading Hub,REAL_TIME_15_MIN,35.56
2026-06-29 11:45:00-05:00,2026-06-29 11:45:00-05:00,2026-06-29 12:00:00-05:00,HB_HOUSTON,Trading Hub,REAL_TIME_15_MIN,30.6
2026-06-29 12:00:00-05:00,2026-06-29 12:00:00-05:00,2026-06-29 12:15:00-05:00,HB_HOUSTON,Trading Hub,REAL_TIME_15_MIN,33.22
2026-06-29 12:15:00-05:00,2026-06-29 12:15:00-05:00,2026-06-29 12:30:00-05:00,HB_HOUSTON,Trading Hub,REAL_TIME_15_MIN,37.02
2026-06-29 12:30:00-05:00,2026-06-29 12:30:00-05:00,2026-06-29 12:45:00-05:00,HB_HOUSTON,Trading Hub,REAL_TIME_15_MIN,34.28
2026-06-29 12:45:00-05:00,2026-06-29 12:45:00-05:00,2026-06-29 13:00:00-05:00,HB_HOUSTON,Trading Hub,REAL_TIME_15_MIN,37.85
2026-06-29 13:00:00-05:00,2026-06-29 13:00:00-05:00,2026-06-29 13:15:00-05:00,HB_HOUSTON,Trading Hub,REAL_TIME_15_MIN,40.31
2026-06-29 13:15:00-05:00,2026-06-29 13:15:00-05:00,2026-06-29 13:30:00-05:00,HB_HOUSTON,Trading Hub,REAL_TIME_15_MIN,39.37
2026-06-29 13:30:00-05:00,2026-06-29 13:30:00-05:00,2026-06-29 13:45:00-05:00,HB_HOUSTON,Trading Hub,REAL_TIME_15_MIN,41.57
2026-06-29 13:45:00-05:00,2026-06-29 13:45:00-05:00,2026-06-29 14:00:00-05:00,HB_HOUSTON,Trading Hub,REAL_TIME_15_MIN,38.17
2026-06-29 14:00:00-05:00,2026-06-29 14:00:00-05:00,2026-06-29 14:15:00-05:00,HB_HOUSTON,Trading Hub,REAL_TIME_15_MIN,40.47
2026-06-29 14:15:00-05:00,2026-06-29 14:15:00-05:00,2026-06-29 14:30:00-05:00,HB_HOUSTON,Trading Hub,REAL_TIME_15_MIN,42.33
2026-06-29 14:30:00-05:00,2026-06-29 14:30:00-05:00,2026-06-29 14:45:00-05:00,HB_HOUSTON,Trading Hub,REAL_TIME_15_MIN,41.76
2026-06-29 14:45:00-05:00,2026-06-29 14:45:00-05:00,2026-06-29 15:00:00-05:00,HB_HOUSTON,Trading Hub,REAL_TIME_15_MIN,41.31
2026-06-29 15:00:00-05:00,2026-06-29 15:00:00-05:00,2026-06-29 15:15:00-05:00,HB_HOUSTON,Trading Hub,REAL_TIME_15_MIN,43.74
2026-06-29 15:15:00-05:00,2026-06-29 15:15:00-05:00,2026-06-29 15:30:00-05:00,HB_HOUSTON,Trading Hub,REAL_TIME_15_MIN,42.73
2026-06-29 15:30:00-05:00,2026-06-29 15:30:00-05:00,2026-06-29 15:45:00-05:00,HB_HOUSTON,Trading Hub,REAL_TIME_15_MIN,38.22
2026-06-29 15:45:00-05:00,2026-06-29 15:45:00-05:00,2026-06-29 16:00:00-05:00,HB_HOUSTON,Trading Hub,REAL_TIME_15_MIN,37.32
2026-06-29 16:00:00-05:00,2026-06-29 16:00:00-05:00,2026-06-29 16:15:00-05:00,HB_HOUSTON,Trading Hub,REAL_TIME_15_MIN,35.41
2026-06-29 16:15:00-05:00,2026-06-29 16:15:00-05:00,2026-06-29 16:30:00-05:00,HB_HOUSTON,Trading Hub,REAL_TIME_15_MIN,36.24
2026-06-29 16:30:00-05:00,2026-06-29 16:30:00-05:00,2026-06-29 16:45:00-05:00,HB_HOUSTON,Trading Hub,REAL_TIME_15_MIN,36.39
2026-06-29 16:45:00-05:00,2026-06-29 16:45:00-05:00,2026-06-29 17:00:00-05:00,HB_HOUSTON,Trading Hub,REAL_TIME_15_MIN,34.89
2026-06-29 17:00:00-05:00,2026-06-29 17:00:00-05:00,2026-06-29 17:15:00-05:00,HB_HOUSTON,Trading Hub,REAL_TIME_15_MIN,32.75
2026-06-29 17:15:00-05:00,2026-06-29 17:15:00-05:00,2026-06-29 17:30:00-05:00,HB_HOUSTON,Trading Hub,REAL_TIME_15_MIN,32.72
2026-06-29 17:30:00-05:00,2026-06-29 17:30:00-05:00,2026-06-29 17:45:00-05:00,HB_HOUSTON,Trading Hub,REAL_TIME_15_MIN,30.49
2026-06-29 17:45:00-05:00,2026-06-29 17:45:00-05:00,2026-06-29 18:00:00-05:00,HB_HOUSTON,Trading Hub,REAL_TIME_15_MIN,28.11
2026-06-29 18:00:00-05:00,2026-06-29 18:00:00-05:00,2026-06-29 18:15:00-05:00,HB_HOUSTON,Trading Hub,REAL_TIME_15_MIN,28.05
2026-06-29 18:15:00-05:00,2026-06-29 18:15:00-05:00,2026-06-29 18:30:00-05:00,HB_HOUSTON,Trading Hub,REAL_TIME_15_MIN,30.92
2026-06-29 18:30:00-05:00,2026-06-29 18:30:00-05:00,2026-06-29 18:45:00-05:00,HB_HOUSTON,Trading Hub,REAL_TIME_15_MIN,28.63
2026-06-29 18:45:00-05:00,2026-06-29 18:45:00-05:00,2026-06-29 19:00:00-05:00,HB_HOUSTON,Trading Hub,REAL_TIME_15_MIN,28.66
2026-06-29 19:00:00-05:00,2026-06-29 19:00:00-05:00,2026-06-29 19:15:00-05:00,HB_HOUSTON,Trading Hub,REAL_TIME_15_MIN,27.7
2026-06-29 19:15:00-05:00,2026-06-29 19:15:00-05:00,2026-06-29 19:30:00-05:00,HB_HOUSTON,Trading Hub,REAL_TIME_15_MIN,30.63
2026-06-29 19:30:00-05:00,2026-06-29 19:30:00-05:00,2026-06-29 19:45:00-05:00,HB_HOUSTON,Trading Hub,REAL_TIME_15_MIN,34.49
2026-06-29 19:45:00-05:00,2026-06-29 19:45:00-05:00,2026-06-29 20:00:00-05:00,HB_HOUSTON,Trading Hub,REAL_TIME_15_MIN,33.97
2026-06-29 20:00:00-05:00,2026-06-29 20:00:00-05:00,2026-06-29 20:15:00-05:00,HB_HOUSTON,Trading Hub,REAL_TIME_15_MIN,31.46
2026-06-29 20:15:00-05:00,2026-06-29 20:15:00-05:00,2026-06-29 20:30:00-05:00,HB_HOUSTON,Trading Hub,REAL_TIME_15_MIN,31.72
2026-06-29 20:30:00-05:00,2026-06-29 20:30:00-05:00,2026-06-29 20:45:00-05:00,HB_HOUSTON,Trading Hub,REAL_TIME_15_MIN,30.99
2026-06-29 20:45:00-05:00,2026-06-29 20:45:00-05:00,2026-06-29 21:00:00-05:00,HB_HOUSTON,Trading Hub,REAL_TIME_15_MIN,30.78
2026-06-29 21:00:00-05:00,2026-06-29 21:00:00-05:00,2026-06-29 21:15:00-05:00,HB_HOUSTON,Trading Hub,REAL_TIME_15_MIN,32.86
2026-06-29 21:15:00-05:00,2026-06-29 21:15:00-05:00,2026-06-29 21:30:00-05:00,HB_HOUSTON,Trading Hub,REAL_TIME_15_MIN,31.16
2026-06-29 21:30:00-05:00,2026-06-29 21:30:00-05:00,2026-06-29 21:45:00-05:00,HB_HOUSTON,Trading Hub,REAL_TIME_15_MIN,30.08
2026-06-29 21:45:00-05:00,2026-06-29 21:45:00-05:00,2026-06-29 22:00:00-05:00,HB_HOUSTON,Trading Hub,REAL_TIME_15_MIN,30.2
2026-06-29 22:00:00-05:00,2026-06-29 22:00:00-05:00,2026-06-29 22:15:00-05:00,HB_HOUSTON,Trading Hub,REAL_TIME_15_MIN,29.56
2026-06-29 22:15:00-05:00,2026-06-29 22:15:00-05:00,2026-06-29 22:30:00-05:00,HB_HOUSTON,Trading Hub,REAL_TIME_15_MIN,28.4
2026-06-29 22:30:00-05:00,2026-06-29 22:30:00-05:00,2026-06-29 22:45:00-05:00,HB_HOUSTON,Trading Hub,REAL_TIME_15_MIN,27.88
2026-06-29 22:45:00-05:00,2026-06-29 22:45:00-05:00,2026-06-29 23:00:00-05:00,HB_HOUSTON,Trading Hub,REAL_TIME_15_MIN,27.37
2026-06-29 23:00:00-05:00,2026-06-29 23:00:00-05:00,2026-06-29 23:15:00-05:00,HB_HOUSTON,Trading Hub,REAL_TIME_15_MIN,26.62
2026-06-29 23:15:00-05:00,2026-06-29 23:15:00-05:00,2026-06-29 23:30:00-05:00,HB_HOUSTON,Trading Hub,REAL_TIME_15_MIN,26.33
2026-06-29 23:30:00-05:00,2026-06-29 23:30:00-05:00,2026-06-29 23:45:00-05:00,HB_HOUSTON,Trading Hub,REAL_TIME_15_MIN,25.64
2026-06-29 23:45:00-05:00,2026-06-29 23:45:00-05:00,2026-06-30 00:00:00-05:00,HB_HOUSTON,Trading Hub,REAL_TIME_15_MIN,25.23
2026-06-30 00:00:00-05:00,2026-06-30 00:00:00-05:00,2026-06-30 00:15:00-05:00,HB_HOUSTON,Trading Hub,REAL_TIME_15_MIN,25.23
2026-06-30 00:15:00-05:00,2026-06-30 00:15:00-05:00,2026-06-30 00:30:00-05:00,HB_HOUSTON,Trading Hub,REAL_TIME_15_MIN,25.09
2026-06-30 00:30:00-05:00,2026-06-30 00:30:00-05:00,2026-06-30 00:45:00-05:00,HB_HOUSTON,Trading Hub,REAL_TIME_15_MIN,24.88
2026-06-30 00:45:00-05:00,2026-06-30 00:45:00-05:00,2026-06-30 01:00:00-05:00,HB_HOUSTON,Trading Hub,REAL_TIME_15_MIN,24.09
2026-06-30 01:00:00-05:00,2026-06-30 01:00:00-05:00,2026-06-30 01:15:00-05:00,HB_HOUSTON,Trading Hub,REAL_TIME_15_MIN,23.45
2026-06-30 01:15:00-05:00,2026-06-30 01:15:00-05:00,2026-06-30 01:30:00-05:00,HB_HOUSTON,Trading Hub,REAL_TIME_15_MIN,22.92
2026-06-30 01:30:00-05:00,2026-06-30 01:30:00-05:00,2026-06-30 01:45:00-05:00,HB_HOUSTON,Trading Hub,REAL_TIME_15_MIN,22.63
2026-06-30 01:45:00-05:00,2026-06-30 01:45:00-05:00,2026-06-30 02:00:00-05:00,HB_HOUSTON,Trading Hub,REAL_TIME_15_MIN,21.89
2026-06-30 02:00:00-05:00,2026-06-30 02:00:00-05:00,2026-06-30 02:15:00-05:00,HB_HOUSTON,Trading Hub,REAL_TIME_15_MIN,22.19
2026-06-30 02:15:00-05:00,2026-06-30 02:15:00-05:00,2026-06-30 02:30:00-05:00,HB_HOUSTON,Trading Hub,REAL_TIME_15_MIN,21.3
2026-06-30 02:30:00-05:00,2026-06-30 02:30:00-05:00,2026-06-30 02:45:00-05:00,HB_HOUSTON,Trading Hub,REAL_TIME_15_MIN,21.37
2026-06-30 02:45:00-05:00,2026-06-30 02:45:00-05:00,2026-06-30 03:00:00-05:00,HB_HOUSTON,Trading Hub,REAL_TIME_15_MIN,21.01
2026-06-30 03:00:00-05:00,2026-06-30 03:00:00-05:00,2026-06-30 03:15:00-05:00,HB_HOUSTON,Trading Hub,REAL_TIME_15_MIN,20.15
2026-06-30 03:15:00-05:00,2026-06-30 03:15:00-05:00,2026-06-30 03:30:00-05:00,HB_HOUSTON,Trading Hub,REAL_TIME_15_MIN,20.39
2026-06-30 03:30:00-05:00,2026-06-30 03:30:00-05:00,2026-06-30 03:45:00-05:00,HB_HOUSTON,Trading Hub,REAL_TIME_15_MIN,20.27
2026-06-30 03:45:00-05:00,2026-06-30 03:45:00-05:00,2026-06-30 04:00:00-05:00,HB_HOUSTON,Trading Hub,REAL_TIME_15_MIN,20.05
2026-06-30 04:00:00-05:00,2026-06-30 04:00:00-05:00,2026-06-30 04:15:00-05:00,HB_HOUSTON,Trading Hub,REAL_TIME_15_MIN,20.15
2026-06-30 04:15:00-05:00,2026-06-30 04:15:00-05:00,2026-06-30 04:30:00-05:00,HB_HOUSTON,Trading Hub,REAL_TIME_15_MIN,20.34
2026-06-30 04:30:00-05:00,2026-06-30 04:30:00-05:00,2026-06-30 04:45:00-05:00,HB_HOUSTON,Trading Hub,REAL_TIME_15_MIN,20.38
2026-06-30 04:45:00-05:00,2026-06-30 04:45:00-05:00,2026-06-30 05:00:00-05:00,HB_HOUSTON,Trading Hub,REAL_TIME_15_MIN,20.09
2026-06-30 05:00:00-05:00,2026-06-30 05:00:00-05:00,2026-06-30 05:15:00-05:00,HB_HOUSTON,Trading Hub,REAL_TIME_15_MIN,20.58
2026-06-30 05:15:00-05:00,2026-06-30 05:15:00-05:00,2026-06-30 05:30:00-05:00,HB_HOUSTON,Trading Hub,REAL_TIME_15_MIN,20.9
2026-06-30 05:30:00-05:00,2026-06-30 05:30:00-05:00,2026-06-30 05:45:00-05:00,HB_HOUSTON,Trading Hub,REAL_TIME_15_MIN,21.53
2026-06-30 05:45:00-05:00,2026-06-30 05:45:00-05:00,2026-06-30 06:00:00-05:00,HB_HOUSTON,Trading Hub,REAL_TIME_15_MIN,21.45
2026-06-30 06:00:00-05:00,2026-06-30 06:00:00-05:00,2026-06-30 06:15:00-05:00,HB_HOUSTON,Trading Hub,REAL_TIME_15_MIN,22.23
2026-06-30 06:15:00-05:00,2026-06-30 06:15:00-05:00,2026-06-30 06:30:00-05:00,HB_HOUSTON,Trading Hub,REAL_TIME_15_MIN,21.82
2026-06-30 06:30:00-05:00,2026-06-30 06:30:00-05:00,2026-06-30 06:45:00-05:00,HB_HOUSTON,Trading Hub,REAL_TIME_15_MIN,21.52
2026-06-30 06:45:00-05:00,2026-06-30 06:45:00-05:00,2026-06-30 07:00:00-05:00,HB_HOUSTON,Trading Hub,REAL_TIME_15_MIN,21.27
2026-06-30 07:00:00-05:00,2026-06-30 07:00:00-05:00,2026-06-30 07:15:00-05:00,HB_HOUSTON,Trading Hub,REAL_TIME_15_MIN,21.92
2026-06-30 07:15:00-05:00,2026-06-30 07:15:00-05:00,2026-06-30 07:30:00-05:00,HB_HOUSTON,Trading Hub,REAL_TIME_15_MIN,20.73
2026-06-30 07:30:00-05:00,2026-06-30 07:30:00-05:00,2026-06-30 07:45:00-05:00,HB_HOUSTON,Trading Hub,REAL_TIME_15_MIN,17.49
2026-06-30 07:45:00-05:00,2026-06-30 07:45:00-05:00,2026-06-30 08:00:00-05:00,HB_HOUSTON,Trading Hub,REAL_TIME_15_MIN,16.11
2026-06-30 08:00:00-05:00,2026-06-30 08:00:00-05:00,2026-06-30 08:15:00-05:00,HB_HOUSTON,Trading Hub,REAL_TIME_15_MIN,16.35
2026-06-30 08:15:00-05:00,2026-06-30 08:15:00-05:00,2026-06-30 08:30:00-05:00,HB_HOUSTON,Trading Hub,REAL_TIME_15_MIN,17.73
2026-06-30 08:30:00-05:00,2026-06-30 08:30:00-05:00,2026-06-30 08:45:00-05:00,HB_HOUSTON,Trading Hub,REAL_TIME_15_MIN,17.67
2026-06-30 08:45:00-05:00,2026-06-30 08:45:00-05:00,2026-06-30 09:00:00-05:00,HB_HOUSTON,Trading Hub,REAL_TIME_15_MIN,17.04
2026-06-30 09:00:00-05:00,2026-06-30 09:00:00-05:00,2026-06-30 09:15:00-05:00,HB_HOUSTON,Trading Hub,REAL_TIME_15_MIN,16.77
2026-06-30 09:15:00-05:00,2026-06-30 09:15:00-05:00,2026-06-30 09:30:00-05:00,HB_HOUSTON,Trading Hub,REAL_TIME_15_MIN,16.95
2026-06-30 09:30:00-05:00,2026-06-30 09:30:00-05:00,2026-06-30 09:45:00-05:00,HB_HOUSTON,Trading Hub,REAL_TIME_15_MIN,17.32
2026-06-30 09:45:00-05:00,2026-06-30 09:45:00-05:00,2026-06-30 10:00:00-05:00,HB_HOUSTON,Trading Hub,REAL_TIME_15_MIN,18.71
2026-06-30 10:00:00-05:00,2026-06-30 10:00:00-05:00,2026-06-30 10:15:00-05:00,HB_HOUSTON,Trading Hub,REAL_TIME_15_MIN,19.81
2026-06-30 10:15:00-05:00,2026-06-30 10:15:00-05:00,2026-06-30 10:30:00-05:00,HB_HOUSTON,Trading Hub,REAL_TIME_15_MIN,21.83
2026-06-30 10:30:00-05:00,2026-06-30 10:30:00-05:00,2026-06-30 10:45:00-05:00,HB_HOUSTON,Trading Hub,REAL_TIME_15_MIN,22.99
2026-06-30 10:45:00-05:00,2026-06-30 10:45:00-05:00,2026-06-30 11:00:00-05:00,HB_HOUSTON,Trading Hub,REAL_TIME_15_MIN,24.16
2026-06-30 11:00:00-05:00,2026-06-30 11:00:00-05:00,2026-06-30 11:15:00-05:00,HB_HOUSTON,Trading Hub,REAL_TIME_15_MIN,26.6
2026-06-30 11:15:00-05:00,2026-06-30 11:15:00-05:00,2026-06-30 11:30:00-05:00,HB_HOUSTON,Trading Hub,REAL_TIME_15_MIN,26.41
2026-06-30 11:30:00-05:00,2026-06-30 11:30:00-05:00,2026-06-30 11:45:00-05:00,HB_HOUSTON,Trading Hub,REAL_TIME_15_MIN,30.41
2026-06-30 11:45:00-05:00,2026-06-30 11:45:00-05:00,2026-06-30 12:00:00-05:00,HB_HOUSTON,Trading Hub,REAL_TIME_15_MIN,26.78
2026-06-30 12:00:00-05:00,2026-06-30 12:00:00-05:00,2026-06-30 12:15:00-05:00,HB_HOUSTON,Trading Hub,REAL_TIME_15_MIN,26.03
2026-06-30 12:15:00-05:00,2026-06-30 12:15:00-05:00,2026-06-30 12:30:00-05:00,HB_HOUSTON,Trading Hub,REAL_TIME_15_MIN,30.71
2026-06-30 12:30:00-05:00,2026-06-30 12:30:00-05:00,2026-06-30 12:45:00-05:00,HB_HOUSTON,Trading Hub,REAL_TIME_15_MIN,30.8
2026-06-30 12:45:00-05:00,2026-06-30 12:45:00-05:00,2026-06-30 13:00:00-05:00,HB_HOUSTON,Trading Hub,REAL_TIME_15_MIN,35.68
2026-06-30 13:00:00-05:00,2026-06-30 13:00:00-05:00,2026-06-30 13:15:00-05:00,HB_HOUSTON,Trading Hub,REAL_TIME_15_MIN,35.43
2026-06-30 13:15:00-05:00,2026-06-30 13:15:00-05:00,2026-06-30 13:30:00-05:00,HB_HOUSTON,Trading Hub,REAL_TIME_15_MIN,31.16
2026-06-30 13:30:00-05:00,2026-06-30 13:30:00-05:00,2026-06-30 13:45:00-05:00,HB_HOUSTON,Trading Hub,REAL_TIME_15_MIN,33.51
2026-06-30 13:45:00-05:00,2026-06-30 13:45:00-05:00,2026-06-30 14:00:00-05:00,HB_HOUSTON,Trading Hub,REAL_TIME_15_MIN,34.69
2026-06-30 14:00:00-05:00,2026-06-30 14:00:00-05:00,2026-06-30 14:15:00-05:00,HB_HOUSTON,Trading Hub,REAL_TIME_15_MIN,34.42
2026-06-30 14:15:00-05:00,2026-06-30 14:15:00-05:00,2026-06-30 14:30:00-05:00,HB_HOUSTON,Trading Hub,REAL_TIME_15_MIN,38.95
2026-06-30 14:30:00-05:00,2026-06-30 14:30:00-05:00,2026-06-30 14:45:00-05:00,HB_HOUSTON,Trading Hub,REAL_TIME_15_MIN,37.06
2026-06-30 14:45:00-05:00,2026-06-30 14:45:00-05:00,2026-06-30 15:00:00-05:00,HB_HOUSTON,Trading Hub,REAL_TIME_15_MIN,34.76
2026-06-30 15:00:00-05:00,2026-06-30 15:00:00-05:00,2026-06-30 15:15:00-05:00,HB_HOUSTON,Trading Hub,REAL_TIME_15_MIN,36.75
2026-06-30 15:15:00-05:00,2026-06-30 15:15:00-05:00,2026-06-30 15:30:00-05:00,HB_HOUSTON,Trading Hub,REAL_TIME_15_MIN,39.61
2026-06-30 15:30:00-05:00,2026-06-30 15:30:00-05:00,2026-06-30 15:45:00-05:00,HB_HOUSTON,Trading Hub,REAL_TIME_15_MIN,38.63
2026-06-30 15:45:00-05:00,2026-06-30 15:45:00-05:00,2026-06-30 16:00:00-05:00,HB_HOUSTON,Trading Hub,REAL_TIME_15_MIN,40.82
2026-06-30 16:00:00-05:00,2026-06-30 16:00:00-05:00,2026-06-30 16:15:00-05:00,HB_HOUSTON,Trading Hub,REAL_TIME_15_MIN,41.74
2026-06-30 16:15:00-05:00,2026-06-30 16:15:00-05:00,2026-06-30 16:30:00-05:00,HB_HOUSTON,Trading Hub,REAL_TIME_15_MIN,41.94
2026-06-30 16:30:00-05:00,2026-06-30 16:30:00-05:00,2026-06-30 16:45:00-05:00,HB_HOUSTON,Trading Hub,REAL_TIME_15_MIN,39.82
2026-06-30 16:45:00-05:00,2026-06-30 16:45:00-05:00,2026-06-30 17:00:00-05:00,HB_HOUSTON,Trading Hub,REAL_TIME_15_MIN,39.8
2026-06-30 17:00:00-05:00,2026-06-30 17:00:00-05:00,2026-06-30 17:15:00-05:00,HB_HOUSTON,Trading Hub,REAL_TIME_15_MIN,38.55
2026-06-30 17:15:00-05:00,2026-06-30 17:15:00-05:00,2026-06-30 17:30:00-05:00,HB_HOUSTON,Trading Hub,REAL_TIME_15_MIN,33.51
2026-06-30 17:30:00-05:00,2026-06-30 17:30:00-05:00,2026-06-30 17:45:00-05:00,HB_HOUSTON,Trading Hub,REAL_TIME_15_MIN,36.36
2026-06-30 17:45:00-05:00,2026-06-30 17:45:00-05:00,2026-06-30 18:00:00-05:00,HB_HOUSTON,Trading Hub,REAL_TIME_15_MIN,34.44
2026-06-30 18:00:00-05:00,2026-06-30 18:00:00-05:00,2026-06-30 18:15:00-05:00,HB_HOUSTON,Trading Hub,REAL_TIME_15_MIN,33.03
2026-06-30 18:15:00-05:00,2026-06-30 18:15:00-05:00,2026-06-30 18:30:00-05:00,HB_HOUSTON,Trading Hub,REAL_TIME_15_MIN,32.86
2026-06-30 18:30:00-05:00,2026-06-30 18:30:00-05:00,2026-06-30 18:45:00-05:00,HB_HOUSTON,Trading Hub,REAL_TIME_15_MIN,34.68
2026-06-30 18:45:00-05:00,2026-06-30 18:45:00-05:00,2026-06-30 19:00:00-05:00,HB_HOUSTON,Trading Hub,REAL_TIME_15_MIN,33.49
2026-06-30 19:00:00-05:00,2026-06-30 19:00:00-05:00,2026-06-30 19:15:00-05:00,HB_HOUSTON,Trading Hub,REAL_TIME_15_MIN,27.34
2026-06-30 19:15:00-05:00,2026-06-30 19:15:00-05:00,2026-06-30 19:30:00-05:00,HB_HOUSTON,Trading Hub,REAL_TIME_15_MIN,32.41
2026-06-30 19:30:00-05:00,2026-06-30 19:30:00-05:00,2026-06-30 19:45:00-05:00,HB_HOUSTON,Trading Hub,REAL_TIME_15_MIN,35.0
2026-06-30 19:45:00-05:00,2026-06-30 19:45:00-05:00,2026-06-30 20:00:00-05:00,HB_HOUSTON,Trading Hub,REAL_TIME_15_MIN,38.6
2026-06-30 20:00:00-05:00,2026-06-30 20:00:00-05:00,2026-06-30 20:15:00-05:00,HB_HOUSTON,Trading Hub,REAL_TIME_15_MIN,36.37
2026-06-30 20:15:00-05:00,2026-06-30 20:15:00-05:00,2026-06-30 20:30:00-05:00,HB_HOUSTON,Trading Hub,REAL_TIME_15_MIN,37.97
2026-06-30 20:30:00-05:00,2026-06-30 20:30:00-05:00,2026-06-30 20:45:00-05:00,HB_HOUSTON,Trading Hub,REAL_TIME_15_MIN,35.85
2026-06-30 20:45:00-05:00,2026-06-30 20:45:00-05:00,2026-06-30 21:00:00-05:00,HB_HOUSTON,Trading Hub,REAL_TIME_15_MIN,35.03
2026-06-30 21:00:00-05:00,2026-06-30 21:00:00-05:00,2026-06-30 21:15:00-05:00,HB_HOUSTON,Trading Hub,REAL_TIME_15_MIN,33.16
2026-06-30 21:15:00-05:00,2026-06-30 21:15:00-05:00,2026-06-30 21:30:00-05:00,HB_HOUSTON,Trading Hub,REAL_TIME_15_MIN,31.92
2026-06-30 21:30:00-05:00,2026-06-30 21:30:00-05:00,2026-06-30 21:45:00-05:00,HB_HOUSTON,Trading Hub,REAL_TIME_15_MIN,30.29
2026-06-30 21:45:00-05:00,2026-06-30 21:45:00-05:00,2026-06-30 22:00:00-05:00,HB_HOUSTON,Trading Hub,REAL_TIME_15_MIN,30.44
2026-06-30 22:00:00-05:00,2026-06-30 22:00:00-05:00,2026-06-30 22:15:00-05:00,HB_HOUSTON,Trading Hub,REAL_TIME_15_MIN,32.55
2026-06-30 22:15:00-05:00,2026-06-30 22:15:00-05:00,2026-06-30 22:30:00-05:00,HB_HOUSTON,Trading Hub,REAL_TIME_15_MIN,31.69
2026-06-30 22:30:00-05:00,2026-06-30 22:30:00-05:00,2026-06-30 22:45:00-05:00,HB_HOUSTON,Trading Hub,REAL_TIME_15_MIN,31.02
2026-06-30 22:45:00-05:00,2026-06-30 22:45:00-05:00,2026-06-30 23:00:00-05:00,HB_HOUSTON,Trading Hub,REAL_TIME_15_MIN,29.16
2026-06-30 23:00:00-05:00,2026-06-30 23:00:00-05:00,2026-06-30 23:15:00-05:00,HB_HOUSTON,Trading Hub,REAL_TIME_15_MIN,29.45
2026-06-30 23:15:00-05:00,2026-06-30 23:15:00-05:00,2026-06-30 23:30:00-05:00,HB_HOUSTON,Trading Hub,REAL_TIME_15_MIN,29.27
2026-06-30 23:30:00-05:00,2026-06-30 23:30:00-05:00,2026-06-30 23:45:00-05:00,HB_HOUSTON,Trading Hub,REAL_TIME_15_MIN,29.52
2026-06-30 23:45:00-05:00,2026-06-30 23:45:00-05:00,2026-07-01 00:00:00-05:00,HB_HOUSTON,Trading Hub,REAL_TIME_15_MIN,28.78
2026-07-01 00:00:00-05:00,2026-07-01 00:00:00-05:00,2026-07-01 00:15:00-05:00,HB_HOUSTON,Trading Hub,REAL_TIME_15_MIN,28.36
2026-07-01 00:15:00-05:00,2026-07-01 00:15:00-05:00,2026-07-01 00:30:00-05:00,HB_HOUSTON,Trading Hub,REAL_TIME_15_MIN,28.04
2026-07-01 00:30:00-05:00,2026-07-01 00:30:00-05:00,2026-07-01 00:45:00-05:00,HB_HOUSTON,Trading Hub,REAL_TIME_15_MIN,30.07
2026-07-01 00:45:00-05:00,2026-07-01 00:45:00-05:00,2026-07-01 01:00:00-05:00,HB_HOUSTON,Trading Hub,REAL_TIME_15_MIN,26.48
2026-07-01 01:00:00-05:00,2026-07-01 01:00:00-05:00,2026-07-01 01:15:00-05:00,HB_HOUSTON,Trading Hub,REAL_TIME_15_MIN,24.82
2026-07-01 01:15:00-05:00,2026-07-01 01:15:00-05:00,2026-07-01 01:30:00-05:00,HB_HOUSTON,Trading Hub,REAL_TIME_15_MIN,24.63
2026-07-01 01:30:00-05:00,2026-07-01 01:30:00-05:00,2026-07-01 01:45:00-05:00,HB_HOUSTON,Trading Hub,REAL_TIME_15_MIN,23.78
2026-07-01 01:45:00-05:00,2026-07-01 01:45:00-05:00,2026-07-01 02:00:00-05:00,HB_HOUSTON,Trading Hub,REAL_TIME_15_MIN,24.27
2026-07-01 02:00:00-05:00,2026-07-01 02:00:00-05:00,2026-07-01 02:15:00-05:00,HB_HOUSTON,Trading Hub,REAL_TIME_15_MIN,24.18
2026-07-01 02:15:00-05:00,2026-07-01 02:15:00-05:00,2026-07-01 02:30:00-05:00,HB_HOUSTON,Trading Hub,REAL_TIME_15_MIN,24.19
2026-07-01 02:30:00-05:00,2026-07-01 02:30:00-05:00,2026-07-01 02:45:00-05:00,HB_HOUSTON,Trading Hub,REAL_TIME_15_MIN,24.13
2026-07-01 02:45:00-05:00,2026-07-01 02:45:00-05:00,2026-07-01 03:00:00-05:00,HB_HOUSTON,Trading Hub,REAL_TIME_15_MIN,24.6
2026-07-01 03:00:00-05:00,2026-07-01 03:00:00-05:00,2026-07-01 03:15:00-05:00,HB_HOUSTON,Trading Hub,REAL_TIME_15_MIN,26.34
2026-07-01 03:15:00-05:00,2026-07-01 03:15:00-05:00,2026-07-01 03:30:00-05:00,HB_HOUSTON,Trading Hub,REAL_TIME_15_MIN,25.37
2026-07-01 03:30:00-05:00,2026-07-01 03:30:00-05:00,2026-07-01 03:45:00-05:00,HB_HOUSTON,Trading Hub,REAL_TIME_15_MIN,25.01
2026-07-01 03:45:00-05:00,2026-07-01 03:45:00-05:00,2026-07-01 04:00:00-05:00,HB_HOUSTON,Trading Hub,REAL_TIME_15_MIN,25.16
2026-07-01 04:00:00-05:00,2026-07-01 04:00:00-05:00,2026-07-01 04:15:00-05:00,HB_HOUSTON,Trading Hub,REAL_TIME_15_MIN,24.96
2026-07-01 04:15:00-05:00,2026-07-01 04:15:00-05:00,2026-07-01 04:30:00-05:00,HB_HOUSTON,Trading Hub,REAL_TIME_15_MIN,23.92
2026-07-01 04:30:00-05:00,2026-07-01 04:30:00-05:00,2026-07-01 04:45:00-05:00,HB_HOUSTON,Trading Hub,REAL_TIME_15_MIN,24.01
2026-07-01 04:45:00-05:00,2026-07-01 04:45:00-05:00,2026-07-01 05:00:00-05:00,HB_HOUSTON,Trading Hub,REAL_TIME_15_MIN,24.57
2026-07-01 05:00:00-05:00,2026-07-01 05:00:00-05:00,2026-07-01 05:15:00-05:00,HB_HOUSTON,Trading Hub,REAL_TIME_15_MIN,23.35
2026-07-01 05:15:00-05:00,2026-07-01 05:15:00-05:00,2026-07-01 05:30:00-05:00,HB_HOUSTON,Trading Hub,REAL_TIME_15_MIN,23.05
2026-07-01 05:30:00-05:00,2026-07-01 05:30:00-05:00,2026-07-01 05:45:00-05:00,HB_HOUSTON,Trading Hub,REAL_TIME_15_MIN,23.37
2026-07-01 05:45:00-05:00,2026-07-01 05:45:00-05:00,2026-07-01 06:00:00-05:00,HB_HOUSTON,Trading Hub,REAL_TIME_15_MIN,23.81
2026-07-01 06:00:00-05:00,2026-07-01 06:00:00-05:00,2026-07-01 06:15:00-05:00,HB_HOUSTON,Trading Hub,REAL_TIME_15_MIN,23.3
2026-07-01 06:15:00-05:00,2026-07-01 06:15:00-05:00,2026-07-01 06:30:00-05:00,HB_HOUSTON,Trading Hub,REAL_TIME_15_MIN,22.83
2026-07-01 06:30:00-05:00,2026-07-01 06:30:00-05:00,2026-07-01 06:45:00-05:00,HB_HOUSTON,Trading Hub,REAL_TIME_15_MIN,22.49
2026-07-01 06:45:00-05:00,2026-07-01 06:45:00-05:00,2026-07-01 07:00:00-05:00,HB_HOUSTON,Trading Hub,REAL_TIME_15_MIN,21.79
2026-07-01 07:00:00-05:00,2026-07-01 07:00:00-05:00,2026-07-01 07:15:00-05:00,HB_HOUSTON,Trading Hub,REAL_TIME_15_MIN,22.4
2026-07-01 07:15:00-05:00,2026-07-01 07:15:00-05:00,2026-07-01 07:30:00-05:00,HB_HOUSTON,Trading Hub,REAL_TIME_15_MIN,20.95
2026-07-01 07:30:00-05:00,2026-07-01 07:30:00-05:00,2026-07-01 07:45:00-05:00,HB_HOUSTON,Trading Hub,REAL_TIME_15_MIN,17.69
2026-07-01 07:45:00-05:00,2026-07-01 07:45:00-05:00,2026-07-01 08:00:00-05:00,HB_HOUSTON,Trading Hub,REAL_TIME_15_MIN,16.19
2026-07-01 08:00:00-05:00,2026-07-01 08:00:00-05:00,2026-07-01 08:15:00-05:00,HB_HOUSTON,Trading Hub,REAL_TIME_15_MIN,16.85
2026-07-01 08:15:00-05:00,2026-07-01 08:15:00-05:00,2026-07-01 08:30:00-05:00,HB_HOUSTON,Trading Hub,REAL_TIME_15_MIN,17.27
2026-07-01 08:30:00-05:00,2026-07-01 08:30:00-05:00,2026-07-01 08:45:00-05:00,HB_HOUSTON,Trading Hub,REAL_TIME_15_MIN,16.77
2026-07-01 08:45:00-05:00,2026-07-01 08:45:00-05:00,2026-07-01 09:00:00-05:00,HB_HOUSTON,Trading Hub,REAL_TIME_15_MIN,17.42
2026-07-01 09:00:00-05:00,2026-07-01 09:00:00-05:00,2026-07-01 09:15:00-05:00,HB_HOUSTON,Trading Hub,REAL_TIME_15_MIN,17.93
2026-07-01 09:15:00-05:00,2026-07-01 09:15:00-05:00,2026-07-01 09:30:00-05:00,HB_HOUSTON,Trading Hub,REAL_TIME_15_MIN,18.23
2026-07-01 09:30:00-05:00,2026-07-01 09:30:00-05:00,2026-07-01 09:45:00-05:00,HB_HOUSTON,Trading Hub,REAL_TIME_15_MIN,20.63
2026-07-01 09:45:00-05:00,2026-07-01 09:45:00-05:00,2026-07-01 10:00:00-05:00,HB_HOUSTON,Trading Hub,REAL_TIME_15_MIN,20.94
2026-07-01 10:00:00-05:00,2026-07-01 10:00:00-05:00,2026-07-01 10:15:00-05:00,HB_HOUSTON,Trading Hub,REAL_TIME_15_MIN,23.99
2026-07-01 10:15:00-05:00,2026-07-01 10:15:00-05:00,2026-07-01 10:30:00-05:00,HB_HOUSTON,Trading Hub,REAL_TIME_15_MIN,28.04
2026-07-01 10:30:00-05:00,2026-07-01 10:30:00-05:00,2026-07-01 10:45:00-05:00,HB_HOUSTON,Trading Hub,REAL_TIME_15_MIN,26.5
2026-07-01 10:45:00-05:00,2026-07-01 10:45:00-05:00,2026-07-01 11:00:00-05:00,HB_HOUSTON,Trading Hub,REAL_TIME_15_MIN,26.59
2026-07-01 11:00:00-05:00,2026-07-01 11:00:00-05:00,2026-07-01 11:15:00-05:00,HB_HOUSTON,Trading Hub,REAL_TIME_15_MIN,28.51
2026-07-01 11:15:00-05:00,2026-07-01 11:15:00-05:00,2026-07-01 11:30:00-05:00,HB_HOUSTON,Trading Hub,REAL_TIME_15_MIN,30.13
2026-07-01 11:30:00-05:00,2026-07-01 11:30:00-05:00,2026-07-01 11:45:00-05:00,HB_HOUSTON,Trading Hub,REAL_TIME_15_MIN,31.82
2026-07-01 11:45:00-05:00,2026-07-01 11:45:00-05:00,2026-07-01 12:00:00-05:00,HB_HOUSTON,Trading Hub,REAL_TIME_15_MIN,40.7
2026-07-01 12:00:00-05:00,2026-07-01 12:00:00-05:00,2026-07-01 12:15:00-05:00,HB_HOUSTON,Trading Hub,REAL_TIME_15_MIN,37.97
2026-07-01 12:15:00-05:00,2026-07-01 12:15:00-05:00,2026-07-01 12:30:00-05:00,HB_HOUSTON,Trading Hub,REAL_TIME_15_MIN,31.41
2026-07-01 12:30:00-05:00,2026-07-01 12:30:00-05:00,2026-07-01 12:45:00-05:00,HB_HOUSTON,Trading Hub,REAL_TIME_15_MIN,26.3
2026-07-01 12:45:00-05:00,2026-07-01 12:45:00-05:00,2026-07-01 13:00:00-05:00,HB_HOUSTON,Trading Hub,REAL_TIME_15_MIN,29.79
2026-07-01 13:00:00-05:00,2026-07-01 13:00:00-05:00,2026-07-01 13:15:00-05:00,HB_HOUSTON,Trading Hub,REAL_TIME_15_MIN,27.58
2026-07-01 13:15:00-05:00,2026-07-01 13:15:00-05:00,2026-07-01 13:30:00-05:00,HB_HOUSTON,Trading Hub,REAL_TIME_15_MIN,33.44
2026-07-01 13:30:00-05:00,2026-07-01 13:30:00-05:00,2026-07-01 13:45:00-05:00,HB_HOUSTON,Trading Hub,REAL_TIME_15_MIN,36.33
2026-07-01 13:45:00-05:00,2026-07-01 13:45:00-05:00,2026-07-01 14:00:00-05:00,HB_HOUSTON,Trading Hub,REAL_TIME_15_MIN,33.46
2026-07-01 14:00:00-05:00,2026-07-01 14:00:00-05:00,2026-07-01 14:15:00-05:00,HB_HOUSTON,Trading Hub,REAL_TIME_15_MIN,35.34
2026-07-01 14:15:00-05:00,2026-07-01 14:15:00-05:00,2026-07-01 14:30:00-05:00,HB_HOUSTON,Trading Hub,REAL_TIME_15_MIN,35.99
2026-07-01 14:30:00-05:00,2026-07-01 14:30:00-05:00,2026-07-01 14:45:00-05:00,HB_HOUSTON,Trading Hub,REAL_TIME_15_MIN,36.78
2026-07-01 14:45:00-05:00,2026-07-01 14:45:00-05:00,2026-07-01 15:00:00-05:00,HB_HOUSTON,Trading Hub,REAL_TIME_15_MIN,37.26
2026-07-01 15:00:00-05:00,2026-07-01 15:00:00-05:00,2026-07-01 15:15:00-05:00,HB_HOUSTON,Trading Hub,REAL_TIME_15_MIN,36.75
2026-07-01 15:15:00-05:00,2026-07-01 15:15:00-05:00,2026-07-01 15:30:00-05:00,HB_HOUSTON,Trading Hub,REAL_TIME_15_MIN,41.58
2026-07-01 15:30:00-05:00,2026-07-01 15:30:00-05:00,2026-07-01 15:45:00-05:00,HB_HOUSTON,Trading Hub,REAL_TIME_15_MIN,38.55
2026-07-01 15:45:00-05:00,2026-07-01 15:45:00-05:00,2026-07-01 16:00:00-05:00,HB_HOUSTON,Trading Hub,REAL_TIME_15_MIN,40.79
2026-07-01 16:00:00-05:00,2026-07-01 16:00:00-05:00,2026-07-01 16:15:00-05:00,HB_HOUSTON,Trading Hub,REAL_TIME_15_MIN,41.11
2026-07-01 16:15:00-05:00,2026-07-01 16:15:00-05:00,2026-07-01 16:30:00-05:00,HB_HOUSTON,Trading Hub,REAL_TIME_15_MIN,44.1
2026-07-01 16:30:00-05:00,2026-07-01 16:30:00-05:00,2026-07-01 16:45:00-05:00,HB_HOUSTON,Trading Hub,REAL_TIME_15_MIN,41.58
2026-07-01 16:45:00-05:00,2026-07-01 16:45:00-05:00,2026-07-01 17:00:00-05:00,HB_HOUSTON,Trading Hub,REAL_TIME_15_MIN,37.93
2026-07-01 17:00:00-05:00,2026-07-01 17:00:00-05:00,2026-07-01 17:15:00-05:00,HB_HOUSTON,Trading Hub,REAL_TIME_15_MIN,40.32
2026-07-01 17:15:00-05:00,2026-07-01 17:15:00-05:00,2026-07-01 17:30:00-05:00,HB_HOUSTON,Trading Hub,REAL_TIME_15_MIN,37.65
2026-07-01 17:30:00-05:00,2026-07-01 17:30:00-05:00,2026-07-01 17:45:00-05:00,HB_HOUSTON,Trading Hub,REAL_TIME_15_MIN,34.45
2026-07-01 17:45:00-05:00,2026-07-01 17:45:00-05:00,2026-07-01 18:00:00-05:00,HB_HOUSTON,Trading Hub,REAL_TIME_15_MIN,32.69
2026-07-01 18:00:00-05:00,2026-07-01 18:00:00-05:00,2026-07-01 18:15:00-05:00,HB_HOUSTON,Trading Hub,REAL_TIME_15_MIN,29.42
2026-07-01 18:15:00-05:00,2026-07-01 18:15:00-05:00,2026-07-01 18:30:00-05:00,HB_HOUSTON,Trading Hub,REAL_TIME_15_MIN,29.33
2026-07-01 18:30:00-05:00,2026-07-01 18:30:00-05:00,2026-07-01 18:45:00-05:00,HB_HOUSTON,Trading Hub,REAL_TIME_15_MIN,29.54
2026-07-01 18:45:00-05:00,2026-07-01 18:45:00-05:00,2026-07-01 19:00:00-05:00,HB_HOUSTON,Trading Hub,REAL_TIME_15_MIN,36.19
2026-07-01 19:00:00-05:00,2026-07-01 19:00:00-05:00,2026-07-01 19:15:00-05:00,HB_HOUSTON,Trading Hub,REAL_TIME_15_MIN,31.84
2026-07-01 19:15:00-05:00,2026-07-01 19:15:00-05:00,2026-07-01 19:30:00-05:00,HB_HOUSTON,Trading Hub,REAL_TIME_15_MIN,36.83
2026-07-01 19:30:00-05:00,2026-07-01 19:30:00-05:00,2026-07-01 19:45:00-05:00,HB_HOUSTON,Trading Hub,REAL_TIME_15_MIN,41.75
2026-07-01 19:45:00-05:00,2026-07-01 19:45:00-05:00,2026-07-01 20:00:00-05:00,HB_HOUSTON,Trading Hub,REAL_TIME_15_MIN,45.86
2026-07-01 20:00:00-05:00,2026-07-01 20:00:00-05:00,2026-07-01 20:15:00-05:00,HB_HOUSTON,Trading Hub,REAL_TIME_15_MIN,43.23
2026-07-01 20:15:00-05:00,2026-07-01 20:15:00-05:00,2026-07-01 20:30:00-05:00,HB_HOUSTON,Trading Hub,REAL_TIME_15_MIN,43.03
2026-07-01 20:30:00-05:00,2026-07-01 20:30:00-05:00,2026-07-01 20:45:00-05:00,HB_HOUSTON,Trading Hub,REAL_TIME_15_MIN,44.28
2026-07-01 20:45:00-05:00,2026-07-01 20:45:00-05:00,2026-07-01 21:00:00-05:00,HB_HOUSTON,Trading Hub,REAL_TIME_15_MIN,44.4
2026-07-01 21:00:00-05:00,2026-07-01 21:00:00-05:00,2026-07-01 21:15:00-05:00,HB_HOUSTON,Trading Hub,REAL_TIME_15_MIN,46.12
2026-07-01 21:15:00-05:00,2026-07-01 21:15:00-05:00,2026-07-01 21:30:00-05:00,HB_HOUSTON,Trading Hub,REAL_TIME_15_MIN,48.55
2026-07-01 21:30:00-05:00,2026-07-01 21:30:00-05:00,2026-07-01 21:45:00-05:00,HB_HOUSTON,Trading Hub,REAL_TIME_15_MIN,52.13
2026-07-01 21:45:00-05:00,2026-07-01 21:45:00-05:00,2026-07-01 22:00:00-05:00,HB_HOUSTON,Trading Hub,REAL_TIME_15_MIN,48.12
2026-07-01 22:00:00-05:00,2026-07-01 22:00:00-05:00,2026-07-01 22:15:00-05:00,HB_HOUSTON,Trading Hub,REAL_TIME_15_MIN,66.13
2026-07-01 22:15:00-05:00,2026-07-01 22:15:00-05:00,2026-07-01 22:30:00-05:00,HB_HOUSTON,Trading Hub,REAL_TIME_15_MIN,52.29
2026-07-01 22:30:00-05:00,2026-07-01 22:30:00-05:00,2026-07-01 22:45:00-05:00,HB_HOUSTON,Trading Hub,REAL_TIME_15_MIN,43.0
2026-07-01 22:45:00-05:00,2026-07-01 22:45:00-05:00,2026-07-01 23:00:00-05:00,HB_HOUSTON,Trading Hub,REAL_TIME_15_MIN,34.1
2026-07-01 23:00:00-05:00,2026-07-01 23:00:00-05:00,2026-07-01 23:15:00-05:00,HB_HOUSTON,Trading Hub,REAL_TIME_15_MIN,30.32
2026-07-01 23:15:00-05:00,2026-07-01 23:15:00-05:00,2026-07-01 23:30:00-05:00,HB_HOUSTON,Trading Hub,REAL_TIME_15_MIN,29.4
2026-07-01 23:30:00-05:00,2026-07-01 23:30:00-05:00,2026-07-01 23:45:00-05:00,HB_HOUSTON,Trading Hub,REAL_TIME_15_MIN,28.94
2026-07-01 23:45:00-05:00,2026-07-01 23:45:00-05:00,2026-07-02 00:00:00-05:00,HB_HOUSTON,Trading Hub,REAL_TIME_15_MIN,27.27
2026-07-02 00:00:00-05:00,2026-07-02 00:00:00-05:00,2026-07-02 00:15:00-05:00,HB_HOUSTON,Trading Hub,REAL_TIME_15_MIN,27.56
2026-07-02 00:15:00-05:00,2026-07-02 00:15:00-05:00,2026-07-02 00:30:00-05:00,HB_HOUSTON,Trading Hub,REAL_TIME_15_MIN,27.84
2026-07-02 00:30:00-05:00,2026-07-02 00:30:00-05:00,2026-07-02 00:45:00-05:00,HB_HOUSTON,Trading Hub,REAL_TIME_15_MIN,25.75
2026-07-02 00:45:00-05:00,2026-07-02 00:45:00-05:00,2026-07-02 01:00:00-05:00,HB_HOUSTON,Trading Hub,REAL_TIME_15_MIN,24.97
2026-07-02 01:00:00-05:00,2026-07-02 01:00:00-05:00,2026-07-02 01:15:00-05:00,HB_HOUSTON,Trading Hub,REAL_TIME_15_MIN,24.78
2026-07-02 01:15:00-05:00,2026-07-02 01:15:00-05:00,2026-07-02 01:30:00-05:00,HB_HOUSTON,Trading Hub,REAL_TIME_15_MIN,24.87
2026-07-02 01:30:00-05:00,2026-07-02 01:30:00-05:00,2026-07-02 01:45:00-05:00,HB_HOUSTON,Trading Hub,REAL_TIME_15_MIN,25.12
2026-07-02 01:45:00-05:00,2026-07-02 01:45:00-05:00,2026-07-02 02:00:00-05:00,HB_HOUSTON,Trading Hub,REAL_TIME_15_MIN,25.08
2026-07-02 02:00:00-05:00,2026-07-02 02:00:00-05:00,2026-07-02 02:15:00-05:00,HB_HOUSTON,Trading Hub,REAL_TIME_15_MIN,24.8
2026-07-02 02:15:00-05:00,2026-07-02 02:15:00-05:00,2026-07-02 02:30:00-05:00,HB_HOUSTON,Trading Hub,REAL_TIME_15_MIN,24.6
2026-07-02 02:30:00-05:00,2026-07-02 02:30:00-05:00,2026-07-02 02:45:00-05:00,HB_HOUSTON,Trading Hub,REAL_TIME_15_MIN,23.88
2026-07-02 02:45:00-05:00,2026-07-02 02:45:00-05:00,2026-07-02 03:00:00-05:00,HB_HOUSTON,Trading Hub,REAL_TIME_15_MIN,23.83
2026-07-02 03:00:00-05:00,2026-07-02 03:00:00-05:00,2026-07-02 03:15:00-05:00,HB_HOUSTON,Trading Hub,REAL_TIME_15_MIN,23.48
2026-07-02 03:15:00-05:00,2026-07-02 03:15:00-05:00,2026-07-02 03:30:00-05:00,HB_HOUSTON,Trading Hub,REAL_TIME_15_MIN,23.64
2026-07-02 03:30:00-05:00,2026-07-02 03:30:00-05:00,2026-07-02 03:45:00-05:00,HB_HOUSTON,Trading Hub,REAL_TIME_15_MIN,23.42
2026-07-02 03:45:00-05:00,2026-07-02 03:45:00-05:00,2026-07-02 04:00:00-05:00,HB_HOUSTON,Trading Hub,REAL_TIME_15_MIN,23.08
2026-07-02 04:00:00-05:00,2026-07-02 04:00:00-05:00,2026-07-02 04:15:00-05:00,HB_HOUSTON,Trading Hub,REAL_TIME_15_MIN,23.33
2026-07-02 04:15:00-05:00,2026-07-02 04:15:00-05:00,2026-07-02 04:30:00-05:00,HB_HOUSTON,Trading Hub,REAL_TIME_15_MIN,23.62
2026-07-02 04:30:00-05:00,2026-07-02 04:30:00-05:00,2026-07-02 04:45:00-05:00,HB_HOUSTON,Trading Hub,REAL_TIME_15_MIN,24.14
2026-07-02 04:45:00-05:00,2026-07-02 04:45:00-05:00,2026-07-02 05:00:00-05:00,HB_HOUSTON,Trading Hub,REAL_TIME_15_MIN,24.62
2026-07-02 05:00:00-05:00,2026-07-02 05:00:00-05:00,2026-07-02 05:15:00-05:00,HB_HOUSTON,Trading Hub,REAL_TIME_15_MIN,25.08
2026-07-02 05:15:00-05:00,2026-07-02 05:15:00-05:00,2026-07-02 05:30:00-05:00,HB_HOUSTON,Trading Hub,REAL_TIME_15_MIN,26.3
2026-07-02 05:30:00-05:00,2026-07-02 05:30:00-05:00,2026-07-02 05:45:00-05:00,HB_HOUSTON,Trading Hub,REAL_TIME_15_MIN,27.28
2026-07-02 05:45:00-05:00,2026-07-02 05:45:00-05:00,2026-07-02 06:00:00-05:00,HB_HOUSTON,Trading Hub,REAL_TIME_15_MIN,26.67
2026-07-02 06:00:00-05:00,2026-07-02 06:00:00-05:00,2026-07-02 06:15:00-05:00,HB_HOUSTON,Trading Hub,REAL_TIME_15_MIN,27.29
2026-07-02 06:15:00-05:00,2026-07-02 06:15:00-05:00,2026-07-02 06:30:00-05:00,HB_HOUSTON,Trading Hub,REAL_TIME_15_MIN,27.05
2026-07-02 06:30:00-05:00,2026-07-02 06:30:00-05:00,2026-07-02 06:45:00-05:00,HB_HOUSTON,Trading Hub,REAL_TIME_15_MIN,26.9
2026-07-02 06:45:00-05:00,2026-07-02 06:45:00-05:00,2026-07-02 07:00:00-05:00,HB_HOUSTON,Trading Hub,REAL_TIME_15_MIN,25.34
2026-07-02 07:00:00-05:00,2026-07-02 07:00:00-05:00,2026-07-02 07:15:00-05:00,HB_HOUSTON,Trading Hub,REAL_TIME_15_MIN,24.03
2026-07-02 07:15:00-05:00,2026-07-02 07:15:00-05:00,2026-07-02 07:30:00-05:00,HB_HOUSTON,Trading Hub,REAL_TIME_15_MIN,23.32
2026-07-02 07:30:00-05:00,2026-07-02 07:30:00-05:00,2026-07-02 07:45:00-05:00,HB_HOUSTON,Trading Hub,REAL_TIME_15_MIN,21.54
2026-07-02 07:45:00-05:00,2026-07-02 07:45:00-05:00,2026-07-02 08:00:00-05:00,HB_HOUSTON,Trading Hub,REAL_TIME_15_MIN,19.95
2026-07-02 08:00:00-05:00,2026-07-02 08:00:00-05:00,2026-07-02 08:15:00-05:00,HB_HOUSTON,Trading Hub,REAL_TIME_15_MIN,21.42
2026-07-02 08:15:00-05:00,2026-07-02 08:15:00-05:00,2026-07-02 08:30:00-05:00,HB_HOUSTON,Trading Hub,REAL_TIME_15_MIN,20.84
2026-07-02 08:30:00-05:00,2026-07-02 08:30:00-05:00,2026-07-02 08:45:00-05:00,HB_HOUSTON,Trading Hub,REAL_TIME_15_MIN,18.98
2026-07-02 08:45:00-05:00,2026-07-02 08:45:00-05:00,2026-07-02 09:00:00-05:00,HB_HOUSTON,Trading Hub,REAL_TIME_15_MIN,18.36
2026-07-02 09:00:00-05:00,2026-07-02 09:00:00-05:00,2026-07-02 09:15:00-05:00,HB_HOUSTON,Trading Hub,REAL_TIME_15_MIN,19.71
2026-07-02 09:15:00-05:00,2026-07-02 09:15:00-05:00,2026-07-02 09:30:00-05:00,HB_HOUSTON,Trading Hub,REAL_TIME_15_MIN,20.18
2026-07-02 09:30:00-05:00,2026-07-02 09:30:00-05:00,2026-07-02 09:45:00-05:00,HB_HOUSTON,Trading Hub,REAL_TIME_15_MIN,19.61
2026-07-02 09:45:00-05:00,2026-07-02 09:45:00-05:00,2026-07-02 10:00:00-05:00,HB_HOUSTON,Trading Hub,REAL_TIME_15_MIN,19.03
2026-07-02 10:00:00-05:00,2026-07-02 10:00:00-05:00,2026-07-02 10:15:00-05:00,HB_HOUSTON,Trading Hub,REAL_TIME_15_MIN,19.68
2026-07-02 10:15:00-05:00,2026-07-02 10:15:00-05:00,2026-07-02 10:30:00-05:00,HB_HOUSTON,Trading Hub,REAL_TIME_15_MIN,19.81
2026-07-02 10:30:00-05:00,2026-07-02 10:30:00-05:00,2026-07-02 10:45:00-05:00,HB_HOUSTON,Trading Hub,REAL_TIME_15_MIN,21.61
2026-07-02 10:45:00-05:00,2026-07-02 10:45:00-05:00,2026-07-02 11:00:00-05:00,HB_HOUSTON,Trading Hub,REAL_TIME_15_MIN,24.3
2026-07-02 11:00:00-05:00,2026-07-02 11:00:00-05:00,2026-07-02 11:15:00-05:00,HB_HOUSTON,Trading Hub,REAL_TIME_15_MIN,26.16
2026-07-02 11:15:00-05:00,2026-07-02 11:15:00-05:00,2026-07-02 11:30:00-05:00,HB_HOUSTON,Trading Hub,REAL_TIME_15_MIN,25.06
2026-07-02 11:30:00-05:00,2026-07-02 11:30:00-05:00,2026-07-02 11:45:00-05:00,HB_HOUSTON,Trading Hub,REAL_TIME_15_MIN,25.2
2026-07-02 11:45:00-05:00,2026-07-02 11:45:00-05:00,2026-07-02 12:00:00-05:00,HB_HOUSTON,Trading Hub,REAL_TIME_15_MIN,25.2
2026-07-02 12:00:00-05:00,2026-07-02 12:00:00-05:00,2026-07-02 12:15:00-05:00,HB_HOUSTON,Trading Hub,REAL_TIME_15_MIN,24.22
2026-07-02 12:15:00-05:00,2026-07-02 12:15:00-05:00,2026-07-02 12:30:00-05:00,HB_HOUSTON,Trading Hub,REAL_TIME_15_MIN,25.57
2026-07-02 12:30:00-05:00,2026-07-02 12:30:00-05:00,2026-07-02 12:45:00-05:00,HB_HOUSTON,Trading Hub,REAL_TIME_15_MIN,25.67
2026-07-02 12:45:00-05:00,2026-07-02 12:45:00-05:00,2026-07-02 13:00:00-05:00,HB_HOUSTON,Trading Hub,REAL_TIME_15_MIN,25.02
2026-07-02 13:00:00-05:00,2026-07-02 13:00:00-05:00,2026-07-02 13:15:00-05:00,HB_HOUSTON,Trading Hub,REAL_TIME_15_MIN,24.98
2026-07-02 13:15:00-05:00,2026-07-02 13:15:00-05:00,2026-07-02 13:30:00-05:00,HB_HOUSTON,Trading Hub,REAL_TIME_15_MIN,25.12
2026-07-02 13:30:00-05:00,2026-07-02 13:30:00-05:00,2026-07-02 13:45:00-05:00,HB_HOUSTON,Trading Hub,REAL_TIME_15_MIN,25.44
2026-07-02 13:45:00-05:00,2026-07-02 13:45:00-05:00,2026-07-02 14:00:00-05:00,HB_HOUSTON,Trading Hub,REAL_TIME_15_MIN,24.68
2026-07-02 14:00:00-05:00,2026-07-02 14:00:00-05:00,2026-07-02 14:15:00-05:00,HB_HOUSTON,Trading Hub,REAL_TIME_15_MIN,24.96
2026-07-02 14:15:00-05:00,2026-07-02 14:15:00-05:00,2026-07-02 14:30:00-05:00,HB_HOUSTON,Trading Hub,REAL_TIME_15_MIN,28.79
2026-07-02 14:30:00-05:00,2026-07-02 14:30:00-05:00,2026-07-02 14:45:00-05:00,HB_HOUSTON,Trading Hub,REAL_TIME_15_MIN,26.38
2026-07-02 14:45:00-05:00,2026-07-02 14:45:00-05:00,2026-07-02 15:00:00-05:00,HB_HOUSTON,Trading Hub,REAL_TIME_15_MIN,28.09
2026-07-02 15:00:00-05:00,2026-07-02 15:00:00-05:00,2026-07-02 15:15:00-05:00,HB_HOUSTON,Trading Hub,REAL_TIME_15_MIN,28.49
2026-07-02 15:15:00-05:00,2026-07-02 15:15:00-05:00,2026-07-02 15:30:00-05:00,HB_HOUSTON,Trading Hub,REAL_TIME_15_MIN,33.61
2026-07-02 15:30:00-05:00,2026-07-02 15:30:00-05:00,2026-07-02 15:45:00-05:00,HB_HOUSTON,Trading Hub,REAL_TIME_15_MIN,36.8
2026-07-02 15:45:00-05:00,2026-07-02 15:45:00-05:00,2026-07-02 16:00:00-05:00,HB_HOUSTON,Trading Hub,REAL_TIME_15_MIN,27.81
2026-07-02 16:00:00-05:00,2026-07-02 16:00:00-05:00,2026-07-02 16:15:00-05:00,HB_HOUSTON,Trading Hub,REAL_TIME_15_MIN,25.4
2026-07-02 16:15:00-05:00,2026-07-02 16:15:00-05:00,2026-07-02 16:30:00-05:00,HB_HOUSTON,Trading Hub,REAL_TIME_15_MIN,25.73
2026-07-02 16:30:00-05:00,2026-07-02 16:30:00-05:00,2026-07-02 16:45:00-05:00,HB_HOUSTON,Trading Hub,REAL_TIME_15_MIN,35.75
2026-07-02 16:45:00-05:00,2026-07-02 16:45:00-05:00,2026-07-02 17:00:00-05:00,HB_HOUSTON,Trading Hub,REAL_TIME_15_MIN,32.0
2026-07-02 17:00:00-05:00,2026-07-02 17:00:00-05:00,2026-07-02 17:15:00-05:00,HB_HOUSTON,Trading Hub,REAL_TIME_15_MIN,25.17
2026-07-02 17:15:00-05:00,2026-07-02 17:15:00-05:00,2026-07-02 17:30:00-05:00,HB_HOUSTON,Trading Hub,REAL_TIME_15_MIN,26.42
2026-07-02 17:30:00-05:00,2026-07-02 17:30:00-05:00,2026-07-02 17:45:00-05:00,HB_HOUSTON,Trading Hub,REAL_TIME_15_MIN,27.99
2026-07-02 17:45:00-05:00,2026-07-02 17:45:00-05:00,2026-07-02 18:00:00-05:00,HB_HOUSTON,Trading Hub,REAL_TIME_15_MIN,25.72
2026-07-02 18:00:00-05:00,2026-07-02 18:00:00-05:00,2026-07-02 18:15:00-05:00,HB_HOUSTON,Trading Hub,REAL_TIME_15_MIN,28.34
2026-07-02 18:15:00-05:00,2026-07-02 18:15:00-05:00,2026-07-02 18:30:00-05:00,HB_HOUSTON,Trading Hub,REAL_TIME_15_MIN,29.87
2026-07-02 18:30:00-05:00,2026-07-02 18:30:00-05:00,2026-07-02 18:45:00-05:00,HB_HOUSTON,Trading Hub,REAL_TIME_15_MIN,38.69
2026-07-02 18:45:00-05:00,2026-07-02 18:45:00-05:00,2026-07-02 19:00:00-05:00,HB_HOUSTON,Trading Hub,REAL_TIME_15_MIN,32.53
2026-07-02 19:00:00-05:00,2026-07-02 19:00:00-05:00,2026-07-02 19:15:00-05:00,HB_HOUSTON,Trading Hub,REAL_TIME_15_MIN,28.51
2026-07-02 19:15:00-05:00,2026-07-02 19:15:00-05:00,2026-07-02 19:30:00-05:00,HB_HOUSTON,Trading Hub,REAL_TIME_15_MIN,32.42
2026-07-02 19:30:00-05:00,2026-07-02 19:30:00-05:00,2026-07-02 19:45:00-05:00,HB_HOUSTON,Trading Hub,REAL_TIME_15_MIN,32.24
2026-07-02 19:45:00-05:00,2026-07-02 19:45:00-05:00,2026-07-02 20:00:00-05:00,HB_HOUSTON,Trading Hub,REAL_TIME_15_MIN,31.81
2026-07-02 20:00:00-05:00,2026-07-02 20:00:00-05:00,2026-07-02 20:15:00-05:00,HB_HOUSTON,Trading Hub,REAL_TIME_15_MIN,32.64
2026-07-02 20:15:00-05:00,2026-07-02 20:15:00-05:00,2026-07-02 20:30:00-05:00,HB_HOUSTON,Trading Hub,REAL_TIME_15_MIN,32.94
2026-07-02 20:30:00-05:00,2026-07-02 20:30:00-05:00,2026-07-02 20:45:00-05:00,HB_HOUSTON,Trading Hub,REAL_TIME_15_MIN,32.44
2026-07-02 20:45:00-05:00,2026-07-02 20:45:00-05:00,2026-07-02 21:00:00-05:00,HB_HOUSTON,Trading Hub,REAL_TIME_15_MIN,31.8
2026-07-02 21:00:00-05:00,2026-07-02 21:00:00-05:00,2026-07-02 21:15:00-05:00,HB_HOUSTON,Trading Hub,REAL_TIME_15_MIN,30.99
2026-07-02 21:15:00-05:00,2026-07-02 21:15:00-05:00,2026-07-02 21:30:00-05:00,HB_HOUSTON,Trading Hub,REAL_TIME_15_MIN,29.7
2026-07-02 21:30:00-05:00,2026-07-02 21:30:00-05:00,2026-07-02 21:45:00-05:00,HB_HOUSTON,Trading Hub,REAL_TIME_15_MIN,29.42
2026-07-02 21:45:00-05:00,2026-07-02 21:45:00-05:00,2026-07-02 22:00:00-05:00,HB_HOUSTON,Trading Hub,REAL_TIME_15_MIN,29.62
2026-07-02 22:00:00-05:00,2026-07-02 22:00:00-05:00,2026-07-02 22:15:00-05:00,HB_HOUSTON,Trading Hub,REAL_TIME_15_MIN,28.81
2026-07-02 22:15:00-05:00,2026-07-02 22:15:00-05:00,2026-07-02 22:30:00-05:00,HB_HOUSTON,Trading Hub,REAL_TIME_15_MIN,29.47
2026-07-02 22:30:00-05:00,2026-07-02 22:30:00-05:00,2026-07-02 22:45:00-05:00,HB_HOUSTON,Trading Hub,REAL_TIME_15_MIN,29.53
2026-07-02 22:45:00-05:00,2026-07-02 22:45:00-05:00,2026-07-02 23:00:00-05:00,HB_HOUSTON,Trading Hub,REAL_TIME_15_MIN,29.01
2026-07-02 23:00:00-05:00,2026-07-02 23:00:00-05:00,2026-07-02 23:15:00-05:00,HB_HOUSTON,Trading Hub,REAL_TIME_15_MIN,29.04
2026-07-02 23:15:00-05:00,2026-07-02 23:15:00-05:00,2026-07-02 23:30:00-05:00,HB_HOUSTON,Trading Hub,REAL_TIME_15_MIN,29.58
2026-07-02 23:30:00-05:00,2026-07-02 23:30:00-05:00,2026-07-02 23:45:00-05:00,HB_HOUSTON,Trading Hub,REAL_TIME_15_MIN,26.76
2026-07-02 23:45:00-05:00,2026-07-02 23:45:00-05:00,2026-07-03 00:00:00-05:00,HB_HOUSTON,Trading Hub,REAL_TIME_15_MIN,25.36
2026-07-03 00:00:00-05:00,2026-07-03 00:00:00-05:00,2026-07-03 00:15:00-05:00,HB_HOUSTON,Trading Hub,REAL_TIME_15_MIN,24.11
2026-07-03 00:15:00-05:00,2026-07-03 00:15:00-05:00,2026-07-03 00:30:00-05:00,HB_HOUSTON,Trading Hub,REAL_TIME_15_MIN,24.09
2026-07-03 00:30:00-05:00,2026-07-03 00:30:00-05:00,2026-07-03 00:45:00-05:00,HB_HOUSTON,Trading Hub,REAL_TIME_15_MIN,23.92
2026-07-03 00:45:00-05:00,2026-07-03 00:45:00-05:00,2026-07-03 01:00:00-05:00,HB_HOUSTON,Trading Hub,REAL_TIME_15_MIN,23.77
2026-07-03 01:00:00-05:00,2026-07-03 01:00:00-05:00,2026-07-03 01:15:00-05:00,HB_HOUSTON,Trading Hub,REAL_TIME_15_MIN,23.81
2026-07-03 01:15:00-05:00,2026-07-03 01:15:00-05:00,2026-07-03 01:30:00-05:00,HB_HOUSTON,Trading Hub,REAL_TIME_15_MIN,23.6
2026-07-03 01:30:00-05:00,2026-07-03 01:30:00-05:00,2026-07-03 01:45:00-05:00,HB_HOUSTON,Trading Hub,REAL_TIME_15_MIN,23.66
2026-07-03 01:45:00-05:00,2026-07-03 01:45:00-05:00,2026-07-03 02:00:00-05:00,HB_HOUSTON,Trading Hub,REAL_TIME_15_MIN,23.64
2026-07-03 02:00:00-05:00,2026-07-03 02:00:00-05:00,2026-07-03 02:15:00-05:00,HB_HOUSTON,Trading Hub,REAL_TIME_15_MIN,23.52
2026-07-03 02:15:00-05:00,2026-07-03 02:15:00-05:00,2026-07-03 02:30:00-05:00,HB_HOUSTON,Trading Hub,REAL_TIME_15_MIN,23.36
2026-07-03 02:30:00-05:00,2026-07-03 02:30:00-05:00,2026-07-03 02:45:00-05:00,HB_HOUSTON,Trading Hub,REAL_TIME_15_MIN,22.65
2026-07-03 02:45:00-05:00,2026-07-03 02:45:00-05:00,2026-07-03 03:00:00-05:00,HB_HOUSTON,Trading Hub,REAL_TIME_15_MIN,22.62
2026-07-03 03:00:00-05:00,2026-07-03 03:00:00-05:00,2026-07-03 03:15:00-05:00,HB_HOUSTON,Trading Hub,REAL_TIME_15_MIN,22.64
2026-07-03 03:15:00-05:00,2026-07-03 03:15:00-05:00,2026-07-03 03:30:00-05:00,HB_HOUSTON,Trading Hub,REAL_TIME_15_MIN,22.11
2026-07-03 03:30:00-05:00,2026-07-03 03:30:00-05:00,2026-07-03 03:45:00-05:00,HB_HOUSTON,Trading Hub,REAL_TIME_15_MIN,21.98
2026-07-03 03:45:00-05:00,2026-07-03 03:45:00-05:00,2026-07-03 04:00:00-05:00,HB_HOUSTON,Trading Hub,REAL_TIME_15_MIN,21.45
2026-07-03 04:00:00-05:00,2026-07-03 04:00:00-05:00,2026-07-03 04:15:00-05:00,HB_HOUSTON,Trading Hub,REAL_TIME_15_MIN,21.53
2026-07-03 04:15:00-05:00,2026-07-03 04:15:00-05:00,2026-07-03 04:30:00-05:00,HB_HOUSTON,Trading Hub,REAL_TIME_15_MIN,21.38
2026-07-03 04:30:00-05:00,2026-07-03 04:30:00-05:00,2026-07-03 04:45:00-05:00,HB_HOUSTON,Trading Hub,REAL_TIME_15_MIN,21.42
2026-07-03 04:45:00-05:00,2026-07-03 04:45:00-05:00,2026-07-03 05:00:00-05:00,HB_HOUSTON,Trading Hub,REAL_TIME_15_MIN,22.39
2026-07-03 05:00:00-05:00,2026-07-03 05:00:00-05:00,2026-07-03 05:15:00-05:00,HB_HOUSTON,Trading Hub,REAL_TIME_15_MIN,22.9
2026-07-03 05:15:00-05:00,2026-07-03 05:15:00-05:00,2026-07-03 05:30:00-05:00,HB_HOUSTON,Trading Hub,REAL_TIME_15_MIN,22.92
2026-07-03 05:30:00-05:00,2026-07-03 05:30:00-05:00,2026-07-03 05:45:00-05:00,HB_HOUSTON,Trading Hub,REAL_TIME_15_MIN,22.87
2026-07-03 05:45:00-05:00,2026-07-03 05:45:00-05:00,2026-07-03 06:00:00-05:00,HB_HOUSTON,Trading Hub,REAL_TIME_15_MIN,23.12
2026-07-03 06:00:00-05:00,2026-07-03 06:00:00-05:00,2026-07-03 06:15:00-05:00,HB_HOUSTON,Trading Hub,REAL_TIME_15_MIN,23.23
2026-07-03 06:15:00-05:00,2026-07-03 06:15:00-05:00,2026-07-03 06:30:00-05:00,HB_HOUSTON,Trading Hub,REAL_TIME_15_MIN,22.77
2026-07-03 06:30:00-05:00,2026-07-03 06:30:00-05:00,2026-07-03 06:45:00-05:00,HB_HOUSTON,Trading Hub,REAL_TIME_15_MIN,22.25
2026-07-03 06:45:00-05:00,2026-07-03 06:45:00-05:00,2026-07-03 07:00:00-05:00,HB_HOUSTON,Trading Hub,REAL_TIME_15_MIN,22.2
2026-07-03 07:00:00-05:00,2026-07-03 07:00:00-05:00,2026-07-03 07:15:00-05:00,HB_HOUSTON,Trading Hub,REAL_TIME_15_MIN,21.62
2026-07-03 07:15:00-05:00,2026-07-03 07:15:00-05:00,2026-07-03 07:30:00-05:00,HB_HOUSTON,Trading Hub,REAL_TIME_15_MIN,19.14
2026-07-03 07:30:00-05:00,2026-07-03 07:30:00-05:00,2026-07-03 07:45:00-05:00,HB_HOUSTON,Trading Hub,REAL_TIME_15_MIN,16.53
2026-07-03 07:45:00-05:00,2026-07-03 07:45:00-05:00,2026-07-03 08:00:00-05:00,HB_HOUSTON,Trading Hub,REAL_TIME_15_MIN,14.94
2026-07-03 08:00:00-05:00,2026-07-03 08:00:00-05:00,2026-07-03 08:15:00-05:00,HB_HOUSTON,Trading Hub,REAL_TIME_15_MIN,14.5
2026-07-03 08:15:00-05:00,2026-07-03 08:15:00-05:00,2026-07-03 08:30:00-05:00,HB_HOUSTON,Trading Hub,REAL_TIME_15_MIN,13.75
2026-07-03 08:30:00-05:00,2026-07-03 08:30:00-05:00,2026-07-03 08:45:00-05:00,HB_HOUSTON,Trading Hub,REAL_TIME_15_MIN,11.12
2026-07-03 08:45:00-05:00,2026-07-03 08:45:00-05:00,2026-07-03 09:00:00-05:00,HB_HOUSTON,Trading Hub,REAL_TIME_15_MIN,10.65
2026-07-03 09:00:00-05:00,2026-07-03 09:00:00-05:00,2026-07-03 09:15:00-05:00,HB_HOUSTON,Trading Hub,REAL_TIME_15_MIN,12.24
2026-07-03 09:15:00-05:00,2026-07-03 09:15:00-05:00,2026-07-03 09:30:00-05:00,HB_HOUSTON,Trading Hub,REAL_TIME_15_MIN,12.44
2026-07-03 09:30:00-05:00,2026-07-03 09:30:00-05:00,2026-07-03 09:45:00-05:00,HB_HOUSTON,Trading Hub,REAL_TIME_15_MIN,14.7
2026-07-03 09:45:00-05:00,2026-07-03 09:45:00-05:00,2026-07-03 10:00:00-05:00,HB_HOUSTON,Trading Hub,REAL_TIME_15_MIN,16.7
2026-07-03 10:00:00-05:00,2026-07-03 10:00:00-05:00,2026-07-03 10:15:00-05:00,HB_HOUSTON,Trading Hub,REAL_TIME_15_MIN,16.41
2026-07-03 10:15:00-05:00,2026-07-03 10:15:00-05:00,2026-07-03 10:30:00-05:00,HB_HOUSTON,Trading Hub,REAL_TIME_15_MIN,15.99
2026-07-03 10:30:00-05:00,2026-07-03 10:30:00-05:00,2026-07-03 10:45:00-05:00,HB_HOUSTON,Trading Hub,REAL_TIME_15_MIN,15.66
2026-07-03 10:45:00-05:00,2026-07-03 10:45:00-05:00,2026-07-03 11:00:00-05:00,HB_HOUSTON,Trading Hub,REAL_TIME_15_MIN,16.3
2026-07-03 11:00:00-05:00,2026-07-03 11:00:00-05:00,2026-07-03 11:15:00-05:00,HB_HOUSTON,Trading Hub,REAL_TIME_15_MIN,16.59
2026-07-03 11:15:00-05:00,2026-07-03 11:15:00-05:00,2026-07-03 11:30:00-05:00,HB_HOUSTON,Trading Hub,REAL_TIME_15_MIN,17.17
2026-07-03 11:30:00-05:00,2026-07-03 11:30:00-05:00,2026-07-03 11:45:00-05:00,HB_HOUSTON,Trading Hub,REAL_TIME_15_MIN,19.49
2026-07-03 11:45:00-05:00,2026-07-03 11:45:00-05:00,2026-07-03 12:00:00-05:00,HB_HOUSTON,Trading Hub,REAL_TIME_15_MIN,23.77
2026-07-03 12:00:00-05:00,2026-07-03 12:00:00-05:00,2026-07-03 12:15:00-05:00,HB_HOUSTON,Trading Hub,REAL_TIME_15_MIN,24.15
2026-07-03 12:15:00-05:00,2026-07-03 12:15:00-05:00,2026-07-03 12:30:00-05:00,HB_HOUSTON,Trading Hub,REAL_TIME_15_MIN,22.99
2026-07-03 12:30:00-05:00,2026-07-03 12:30:00-05:00,2026-07-03 12:45:00-05:00,HB_HOUSTON,Trading Hub,REAL_TIME_15_MIN,24.9
2026-07-03 12:45:00-05:00,2026-07-03 12:45:00-05:00,2026-07-03 13:00:00-05:00,HB_HOUSTON,Trading Hub,REAL_TIME_15_MIN,24.19
2026-07-03 13:00:00-05:00,2026-07-03 13:00:00-05:00,2026-07-03 13:15:00-05:00,HB_HOUSTON,Trading Hub,REAL_TIME_15_MIN,24.59
2026-07-03 13:15:00-05:00,2026-07-03 13:15:00-05:00,2026-07-03 13:30:00-05:00,HB_HOUSTON,Trading Hub,REAL_TIME_15_MIN,25.33
2026-07-03 13:30:00-05:00,2026-07-03 13:30:00-05:00,2026-07-03 13:45:00-05:00,HB_HOUSTON,Trading Hub,REAL_TIME_15_MIN,25.93
2026-07-03 13:45:00-05:00,2026-07-03 13:45:00-05:00,2026-07-03 14:00:00-05:00,HB_HOUSTON,Trading Hub,REAL_TIME_15_MIN,26.18
2026-07-03 14:00:00-05:00,2026-07-03 14:00:00-05:00,2026-07-03 14:15:00-05:00,HB_HOUSTON,Trading Hub,REAL_TIME_15_MIN,26.87
2026-07-03 14:15:00-05:00,2026-07-03 14:15:00-05:00,2026-07-03 14:30:00-05:00,HB_HOUSTON,Trading Hub,REAL_TIME_15_MIN,25.33
2026-07-03 14:30:00-05:00,2026-07-03 14:30:00-05:00,2026-07-03 14:45:00-05:00,HB_HOUSTON,Trading Hub,REAL_TIME_15_MIN,25.5
2026-07-03 14:45:00-05:00,2026-07-03 14:45:00-05:00,2026-07-03 15:00:00-05:00,HB_HOUSTON,Trading Hub,REAL_TIME_15_MIN,25.98
2026-07-03 15:00:00-05:00,2026-07-03 15:00:00-05:00,2026-07-03 15:15:00-05:00,HB_HOUSTON,Trading Hub,REAL_TIME_15_MIN,25.16
2026-07-03 15:15:00-05:00,2026-07-03 15:15:00-05:00,2026-07-03 15:30:00-05:00,HB_HOUSTON,Trading Hub,REAL_TIME_15_MIN,24.54
2026-07-03 15:30:00-05:00,2026-07-03 15:30:00-05:00,2026-07-03 15:45:00-05:00,HB_HOUSTON,Trading Hub,REAL_TIME_15_MIN,24.98
2026-07-03 15:45:00-05:00,2026-07-03 15:45:00-05:00,2026-07-03 16:00:00-05:00,HB_HOUSTON,Trading Hub,REAL_TIME_15_MIN,26.61
2026-07-03 16:00:00-05:00,2026-07-03 16:00:00-05:00,2026-07-03 16:15:00-05:00,HB_HOUSTON,Trading Hub,REAL_TIME_15_MIN,25.23
2026-07-03 16:15:00-05:00,2026-07-03 16:15:00-05:00,2026-07-03 16:30:00-05:00,HB_HOUSTON,Trading Hub,REAL_TIME_15_MIN,26.24
2026-07-03 16:30:00-05:00,2026-07-03 16:30:00-05:00,2026-07-03 16:45:00-05:00,HB_HOUSTON,Trading Hub,REAL_TIME_15_MIN,25.65
2026-07-03 16:45:00-05:00,2026-07-03 16:45:00-05:00,2026-07-03 17:00:00-05:00,HB_HOUSTON,Trading Hub,REAL_TIME_15_MIN,24.3
2026-07-03 17:00:00-05:00,2026-07-03 17:00:00-05:00,2026-07-03 17:15:00-05:00,HB_HOUSTON,Trading Hub,REAL_TIME_15_MIN,23.97
2026-07-03 17:15:00-05:00,2026-07-03 17:15:00-05:00,2026-07-03 17:30:00-05:00,HB_HOUSTON,Trading Hub,REAL_TIME_15_MIN,25.58
2026-07-03 17:30:00-05:00,2026-07-03 17:30:00-05:00,2026-07-03 17:45:00-05:00,HB_HOUSTON,Trading Hub,REAL_TIME_15_MIN,26.0
2026-07-03 17:45:00-05:00,2026-07-03 17:45:00-05:00,2026-07-03 18:00:00-05:00,HB_HOUSTON,Trading Hub,REAL_TIME_15_MIN,25.39
2026-07-03 18:00:00-05:00,2026-07-03 18:00:00-05:00,2026-07-03 18:15:00-05:00,HB_HOUSTON,Trading Hub,REAL_TIME_15_MIN,24.56
2026-07-03 18:15:00-05:00,2026-07-03 18:15:00-05:00,2026-07-03 18:30:00-05:00,HB_HOUSTON,Trading Hub,REAL_TIME_15_MIN,25.18
2026-07-03 18:30:00-05:00,2026-07-03 18:30:00-05:00,2026-07-03 18:45:00-05:00,HB_HOUSTON,Trading Hub,REAL_TIME_15_MIN,27.29
2026-07-03 18:45:00-05:00,2026-07-03 18:45:00-05:00,2026-07-03 19:00:00-05:00,HB_HOUSTON,Trading Hub,REAL_TIME_15_MIN,33.09
2026-07-03 19:00:00-05:00,2026-07-03 19:00:00-05:00,2026-07-03 19:15:00-05:00,HB_HOUSTON,Trading Hub,REAL_TIME_15_MIN,27.93
2026-07-03 19:15:00-05:00,2026-07-03 19:15:00-05:00,2026-07-03 19:30:00-05:00,HB_HOUSTON,Trading Hub,REAL_TIME_15_MIN,32.41
2026-07-03 19:30:00-05:00,2026-07-03 19:30:00-05:00,2026-07-03 19:45:00-05:00,HB_HOUSTON,Trading Hub,REAL_TIME_15_MIN,35.33
2026-07-03 19:45:00-05:00,2026-07-03 19:45:00-05:00,2026-07-03 20:00:00-05:00,HB_HOUSTON,Trading Hub,REAL_TIME_15_MIN,36.77
2026-07-03 20:00:00-05:00,2026-07-03 20:00:00-05:00,2026-07-03 20:15:00-05:00,HB_HOUSTON,Trading Hub,REAL_TIME_15_MIN,35.59
2026-07-03 20:15:00-05:00,2026-07-03 20:15:00-05:00,2026-07-03 20:30:00-05:00,HB_HOUSTON,Trading Hub,REAL_TIME_15_MIN,37.95
2026-07-03 20:30:00-05:00,2026-07-03 20:30:00-05:00,2026-07-03 20:45:00-05:00,HB_HOUSTON,Trading Hub,REAL_TIME_15_MIN,37.48
2026-07-03 20:45:00-05:00,2026-07-03 20:45:00-05:00,2026-07-03 21:00:00-05:00,HB_HOUSTON,Trading Hub,REAL_TIME_15_MIN,36.32
2026-07-03 21:00:00-05:00,2026-07-03 21:00:00-05:00,2026-07-03 21:15:00-05:00,HB_HOUSTON,Trading Hub,REAL_TIME_15_MIN,36.45
2026-07-03 21:15:00-05:00,2026-07-03 21:15:00-05:00,2026-07-03 21:30:00-05:00,HB_HOUSTON,Trading Hub,REAL_TIME_15_MIN,35.81
2026-07-03 21:30:00-05:00,2026-07-03 21:30:00-05:00,2026-07-03 21:45:00-05:00,HB_HOUSTON,Trading Hub,REAL_TIME_15_MIN,33.67
2026-07-03 21:45:00-05:00,2026-07-03 21:45:00-05:00,2026-07-03 22:00:00-05:00,HB_HOUSTON,Trading Hub,REAL_TIME_15_MIN,30.78
2026-07-03 22:00:00-05:00,2026-07-03 22:00:00-05:00,2026-07-03 22:15:00-05:00,HB_HOUSTON,Trading Hub,REAL_TIME_15_MIN,33.32
2026-07-03 22:15:00-05:00,2026-07-03 22:15:00-05:00,2026-07-03 22:30:00-05:00,HB_HOUSTON,Trading Hub,REAL_TIME_15_MIN,32.11
2026-07-03 22:30:00-05:00,2026-07-03 22:30:00-05:00,2026-07-03 22:45:00-05:00,HB_HOUSTON,Trading Hub,REAL_TIME_15_MIN,28.61
2026-07-03 22:45:00-05:00,2026-07-03 22:45:00-05:00,2026-07-03 23:00:00-05:00,HB_HOUSTON,Trading Hub,REAL_TIME_15_MIN,26.75
2026-07-03 23:00:00-05:00,2026-07-03 23:00:00-05:00,2026-07-03 23:15:00-05:00,HB_HOUSTON,Trading Hub,REAL_TIME_15_MIN,26.73
2026-07-03 23:15:00-05:00,2026-07-03 23:15:00-05:00,2026-07-03 23:30:00-05:00,HB_HOUSTON,Trading Hub,REAL_TIME_15_MIN,25.6
2026-07-03 23:30:00-05:00,2026-07-03 23:30:00-05:00,2026-07-03 23:45:00-05:00,HB_HOUSTON,Trading Hub,REAL_TIME_15_MIN,24.79
2026-07-03 23:45:00-05:00,2026-07-03 23:45:00-05:00,2026-07-04 00:00:00-05:00,HB_HOUSTON,Trading Hub,REAL_TIME_15_MIN,23.37
2026-07-04 00:00:00-05:00,2026-07-04 00:00:00-05:00,2026-07-04 00:15:00-05:00,HB_HOUSTON,Trading Hub,REAL_TIME_15_MIN,22.52
2026-07-04 00:15:00-05:00,2026-07-04 00:15:00-05:00,2026-07-04 00:30:00-05:00,HB_HOUSTON,Trading Hub,REAL_TIME_15_MIN,22.93
2026-07-04 00:30:00-05:00,2026-07-04 00:30:00-05:00,2026-07-04 00:45:00-05:00,HB_HOUSTON,Trading Hub,REAL_TIME_15_MIN,21.31
2026-07-04 00:45:00-05:00,2026-07-04 00:45:00-05:00,2026-07-04 01:00:00-05:00,HB_HOUSTON,Trading Hub,REAL_TIME_15_MIN,20.88
2026-07-04 01:00:00-05:00,2026-07-04 01:00:00-05:00,2026-07-04 01:15:00-05:00,HB_HOUSTON,Trading Hub,REAL_TIME_15_MIN,20.24
2026-07-04 01:15:00-05:00,2026-07-04 01:15:00-05:00,2026-07-04 01:30:00-05:00,HB_HOUSTON,Trading Hub,REAL_TIME_15_MIN,19.42
2026-07-04 01:30:00-05:00,2026-07-04 01:30:00-05:00,2026-07-04 01:45:00-05:00,HB_HOUSTON,Trading Hub,REAL_TIME_15_MIN,19.12
2026-07-04 01:45:00-05:00,2026-07-04 01:45:00-05:00,2026-07-04 02:00:00-05:00,HB_HOUSTON,Trading Hub,REAL_TIME_15_MIN,18.31
2026-07-04 02:00:00-05:00,2026-07-04 02:00:00-05:00,2026-07-04 02:15:00-05:00,HB_HOUSTON,Trading Hub,REAL_TIME_15_MIN,19.65
2026-07-04 02:15:00-05:00,2026-07-04 02:15:00-05:00,2026-07-04 02:30:00-05:00,HB_HOUSTON,Trading Hub,REAL_TIME_15_MIN,21.14
2026-07-04 02:30:00-05:00,2026-07-04 02:30:00-05:00,2026-07-04 02:45:00-05:00,HB_HOUSTON,Trading Hub,REAL_TIME_15_MIN,20.54
2026-07-04 02:45:00-05:00,2026-07-04 02:45:00-05:00,2026-07-04 03:00:00-05:00,HB_HOUSTON,Trading Hub,REAL_TIME_15_MIN,20.11
2026-07-04 03:00:00-05:00,2026-07-04 03:00:00-05:00,2026-07-04 03:15:00-05:00,HB_HOUSTON,Trading Hub,REAL_TIME_15_MIN,20.73
2026-07-04 03:15:00-05:00,2026-07-04 03:15:00-05:00,2026-07-04 03:30:00-05:00,HB_HOUSTON,Trading Hub,REAL_TIME_15_MIN,20.59
2026-07-04 03:30:00-05:00,2026-07-04 03:30:00-05:00,2026-07-04 03:45:00-05:00,HB_HOUSTON,Trading Hub,REAL_TIME_15_MIN,20.3
2026-07-04 03:45:00-05:00,2026-07-04 03:45:00-05:00,2026-07-04 04:00:00-05:00,HB_HOUSTON,Trading Hub,REAL_TIME_15_MIN,19.28
2026-07-04 04:00:00-05:00,2026-07-04 04:00:00-05:00,2026-07-04 04:15:00-05:00,HB_HOUSTON,Trading Hub,REAL_TIME_15_MIN,19.1
2026-07-04 04:15:00-05:00,2026-07-04 04:15:00-05:00,2026-07-04 04:30:00-05:00,HB_HOUSTON,Trading Hub,REAL_TIME_15_MIN,19.22
2026-07-04 04:30:00-05:00,2026-07-04 04:30:00-05:00,2026-07-04 04:45:00-05:00,HB_HOUSTON,Trading Hub,REAL_TIME_15_MIN,19.39
2026-07-04 04:45:00-05:00,2026-07-04 04:45:00-05:00,2026-07-04 05:00:00-05:00,HB_HOUSTON,Trading Hub,REAL_TIME_15_MIN,20.61
2026-07-04 05:00:00-05:00,2026-07-04 05:00:00-05:00,2026-07-04 05:15:00-05:00,HB_HOUSTON,Trading Hub,REAL_TIME_15_MIN,20.65
2026-07-04 05:15:00-05:00,2026-07-04 05:15:00-05:00,2026-07-04 05:30:00-05:00,HB_HOUSTON,Trading Hub,REAL_TIME_15_MIN,21.23
2026-07-04 05:30:00-05:00,2026-07-04 05:30:00-05:00,2026-07-04 05:45:00-05:00,HB_HOUSTON,Trading Hub,REAL_TIME_15_MIN,21.72
2026-07-04 05:45:00-05:00,2026-07-04 05:45:00-05:00,2026-07-04 06:00:00-05:00,HB_HOUSTON,Trading Hub,REAL_TIME_15_MIN,21.67
2026-07-04 06:00:00-05:00,2026-07-04 06:00:00-05:00,2026-07-04 06:15:00-05:00,HB_HOUSTON,Trading Hub,REAL_TIME_15_MIN,22.63
2026-07-04 06:15:00-05:00,2026-07-04 06:15:00-05:00,2026-07-04 06:30:00-05:00,HB_HOUSTON,Trading Hub,REAL_TIME_15_MIN,22.71
2026-07-04 06:30:00-05:00,2026-07-04 06:30:00-05:00,2026-07-04 06:45:00-05:00,HB_HOUSTON,Trading Hub,REAL_TIME_15_MIN,22.72
2026-07-04 06:45:00-05:00,2026-07-04 06:45:00-05:00,2026-07-04 07:00:00-05:00,HB_HOUSTON,Trading Hub,REAL_TIME_15_MIN,21.76
2026-07-04 07:00:00-05:00,2026-07-04 07:00:00-05:00,2026-07-04 07:15:00-05:00,HB_HOUSTON,Trading Hub,REAL_TIME_15_MIN,19.36
2026-07-04 07:15:00-05:00,2026-07-04 07:15:00-05:00,2026-07-04 07:30:00-05:00,HB_HOUSTON,Trading Hub,REAL_TIME_15_MIN,18.22
2026-07-04 07:30:00-05:00,2026-07-04 07:30:00-05:00,2026-07-04 07:45:00-05:00,HB_HOUSTON,Trading Hub,REAL_TIME_15_MIN,15.24
2026-07-04 07:45:00-05:00,2026-07-04 07:45:00-05:00,2026-07-04 08:00:00-05:00,HB_HOUSTON,Trading Hub,REAL_TIME_15_MIN,13.79
2026-07-04 08:00:00-05:00,2026-07-04 08:00:00-05:00,2026-07-04 08:15:00-05:00,HB_HOUSTON,Trading Hub,REAL_TIME_15_MIN,14.2
2026-07-04 08:15:00-05:00,2026-07-04 08:15:00-05:00,2026-07-04 08:30:00-05:00,HB_HOUSTON,Trading Hub,REAL_TIME_15_MIN,13.08
2026-07-04 08:30:00-05:00,2026-07-04 08:30:00-05:00,2026-07-04 08:45:00-05:00,HB_HOUSTON,Trading Hub,REAL_TIME_15_MIN,10.98
2026-07-04 08:45:00-05:00,2026-07-04 08:45:00-05:00,2026-07-04 09:00:00-05:00,HB_HOUSTON,Trading Hub,REAL_TIME_15_MIN,8.89
2026-07-04 09:00:00-05:00,2026-07-04 09:00:00-05:00,2026-07-04 09:15:00-05:00,HB_HOUSTON,Trading Hub,REAL_TIME_15_MIN,12.45
2026-07-04 09:15:00-05:00,2026-07-04 09:15:00-05:00,2026-07-04 09:30:00-05:00,HB_HOUSTON,Trading Hub,REAL_TIME_15_MIN,14.07
2026-07-04 09:30:00-05:00,2026-07-04 09:30:00-05:00,2026-07-04 09:45:00-05:00,HB_HOUSTON,Trading Hub,REAL_TIME_15_MIN,14.47
2026-07-04 09:45:00-05:00,2026-07-04 09:45:00-05:00,2026-07-04 10:00:00-05:00,HB_HOUSTON,Trading Hub,REAL_TIME_15_MIN,14.07
2026-07-04 10:00:00-05:00,2026-07-04 10:00:00-05:00,2026-07-04 10:15:00-05:00,HB_HOUSTON,Trading Hub,REAL_TIME_15_MIN,14.11
2026-07-04 10:15:00-05:00,2026-07-04 10:15:00-05:00,2026-07-04 10:30:00-05:00,HB_HOUSTON,Trading Hub,REAL_TIME_15_MIN,14.21
2026-07-04 10:30:00-05:00,2026-07-04 10:30:00-05:00,2026-07-04 10:45:00-05:00,HB_HOUSTON,Trading Hub,REAL_TIME_15_MIN,14.86
2026-07-04 10:45:00-05:00,2026-07-04 10:45:00-05:00,2026-07-04 11:00:00-05:00,HB_HOUSTON,Trading Hub,REAL_TIME_15_MIN,16.07
2026-07-04 11:00:00-05:00,2026-07-04 11:00:00-05:00,2026-07-04 11:15:00-05:00,HB_HOUSTON,Trading Hub,REAL_TIME_15_MIN,17.4
2026-07-04 11:15:00-05:00,2026-07-04 11:15:00-05:00,2026-07-04 11:30:00-05:00,HB_HOUSTON,Trading Hub,REAL_TIME_15_MIN,20.34
2026-07-04 11:30:00-05:00,2026-07-04 11:30:00-05:00,2026-07-04 11:45:00-05:00,HB_HOUSTON,Trading Hub,REAL_TIME_15_MIN,20.91
2026-07-04 11:45:00-05:00,2026-07-04 11:45:00-05:00,2026-07-04 12:00:00-05:00,HB_HOUSTON,Trading Hub,REAL_TIME_15_MIN,24.48
2026-07-04 12:00:00-05:00,2026-07-04 12:00:00-05:00,2026-07-04 12:15:00-05:00,HB_HOUSTON,Trading Hub,REAL_TIME_15_MIN,24.25
2026-07-04 12:15:00-05:00,2026-07-04 12:15:00-05:00,2026-07-04 12:30:00-05:00,HB_HOUSTON,Trading Hub,REAL_TIME_15_MIN,25.52
2026-07-04 12:30:00-05:00,2026-07-04 12:30:00-05:00,2026-07-04 12:45:00-05:00,HB_HOUSTON,Trading Hub,REAL_TIME_15_MIN,25.8
2026-07-04 12:45:00-05:00,2026-07-04 12:45:00-05:00,2026-07-04 13:00:00-05:00,HB_HOUSTON,Trading Hub,REAL_TIME_15_MIN,25.52
2026-07-04 13:00:00-05:00,2026-07-04 13:00:00-05:00,2026-07-04 13:15:00-05:00,HB_HOUSTON,Trading Hub,REAL_TIME_15_MIN,25.83
2026-07-04 13:15:00-05:00,2026-07-04 13:15:00-05:00,2026-07-04 13:30:00-05:00,HB_HOUSTON,Trading Hub,REAL_TIME_15_MIN,27.4
2026-07-04 13:30:00-05:00,2026-07-04 13:30:00-05:00,2026-07-04 13:45:00-05:00,HB_HOUSTON,Trading Hub,REAL_TIME_15_MIN,28.09
2026-07-04 13:45:00-05:00,2026-07-04 13:45:00-05:00,2026-07-04 14:00:00-05:00,HB_HOUSTON,Trading Hub,REAL_TIME_15_MIN,27.77
2026-07-04 14:00:00-05:00,2026-07-04 14:00:00-05:00,2026-07-04 14:15:00-05:00,HB_HOUSTON,Trading Hub,REAL_TIME_15_MIN,26.97
2026-07-04 14:15:00-05:00,2026-07-04 14:15:00-05:00,2026-07-04 14:30:00-05:00,HB_HOUSTON,Trading Hub,REAL_TIME_15_MIN,26.6
2026-07-04 14:30:00-05:00,2026-07-04 14:30:00-05:00,2026-07-04 14:45:00-05:00,HB_HOUSTON,Trading Hub,REAL_TIME_15_MIN,27.3
2026-07-04 14:45:00-05:00,2026-07-04 14:45:00-05:00,2026-07-04 15:00:00-05:00,HB_HOUSTON,Trading Hub,REAL_TIME_15_MIN,28.14
2026-07-04 15:00:00-05:00,2026-07-04 15:00:00-05:00,2026-07-04 15:15:00-05:00,HB_HOUSTON,Trading Hub,REAL_TIME_15_MIN,27.04
2026-07-04 15:15:00-05:00,2026-07-04 15:15:00-05:00,2026-07-04 15:30:00-05:00,HB_HOUSTON,Trading Hub,REAL_TIME_15_MIN,29.17
2026-07-04 15:30:00-05:00,2026-07-04 15:30:00-05:00,2026-07-04 15:45:00-05:00,HB_HOUSTON,Trading Hub,REAL_TIME_15_MIN,27.98
2026-07-04 15:45:00-05:00,2026-07-04 15:45:00-05:00,2026-07-04 16:00:00-05:00,HB_HOUSTON,Trading Hub,REAL_TIME_15_MIN,26.69
2026-07-04 16:00:00-05:00,2026-07-04 16:00:00-05:00,2026-07-04 16:15:00-05:00,HB_HOUSTON,Trading Hub,REAL_TIME_15_MIN,27.11
2026-07-04 16:15:00-05:00,2026-07-04 16:15:00-05:00,2026-07-04 16:30:00-05:00,HB_HOUSTON,Trading Hub,REAL_TIME_15_MIN,32.91
2026-07-04 16:30:00-05:00,2026-07-04 16:30:00-05:00,2026-07-04 16:45:00-05:00,HB_HOUSTON,Trading Hub,REAL_TIME_15_MIN,27.05
2026-07-04 16:45:00-05:00,2026-07-04 16:45:00-05:00,2026-07-04 17:00:00-05:00,HB_HOUSTON,Trading Hub,REAL_TIME_15_MIN,26.86
2026-07-04 17:00:00-05:00,2026-07-04 17:00:00-05:00,2026-07-04 17:15:00-05:00,HB_HOUSTON,Trading Hub,REAL_TIME_15_MIN,28.01
2026-07-04 17:15:00-05:00,2026-07-04 17:15:00-05:00,2026-07-04 17:30:00-05:00,HB_HOUSTON,Trading Hub,REAL_TIME_15_MIN,29.81
2026-07-04 17:30:00-05:00,2026-07-04 17:30:00-05:00,2026-07-04 17:45:00-05:00,HB_HOUSTON,Trading Hub,REAL_TIME_15_MIN,31.09
2026-07-04 17:45:00-05:00,2026-07-04 17:45:00-05:00,2026-07-04 18:00:00-05:00,HB_HOUSTON,Trading Hub,REAL_TIME_15_MIN,36.44
2026-07-04 18:00:00-05:00,2026-07-04 18:00:00-05:00,2026-07-04 18:15:00-05:00,HB_HOUSTON,Trading Hub,REAL_TIME_15_MIN,28.96
2026-07-04 18:15:00-05:00,2026-07-04 18:15:00-05:00,2026-07-04 18:30:00-05:00,HB_HOUSTON,Trading Hub,REAL_TIME_15_MIN,35.64
2026-07-04 18:30:00-05:00,2026-07-04 18:30:00-05:00,2026-07-04 18:45:00-05:00,HB_HOUSTON,Trading Hub,REAL_TIME_15_MIN,44.17
2026-07-04 18:45:00-05:00,2026-07-04 18:45:00-05:00,2026-07-04 19:00:00-05:00,HB_HOUSTON,Trading Hub,REAL_TIME_15_MIN,52.69
2026-07-04 19:00:00-05:00,2026-07-04 19:00:00-05:00,2026-07-04 19:15:00-05:00,HB_HOUSTON,Trading Hub,REAL_TIME_15_MIN,45.68
2026-07-04 19:15:00-05:00,2026-07-04 19:15:00-05:00,2026-07-04 19:30:00-05:00,HB_HOUSTON,Trading Hub,REAL_TIME_15_MIN,49.88
2026-07-04 19:30:00-05:00,2026-07-04 19:30:00-05:00,2026-07-04 19:45:00-05:00,HB_HOUSTON,Trading Hub,REAL_TIME_15_MIN,54.51
2026-07-04 19:45:00-05:00,2026-07-04 19:45:00-05:00,2026-07-04 20:00:00-05:00,HB_HOUSTON,Trading Hub,REAL_TIME_15_MIN,60.39
2026-07-04 20:00:00-05:00,2026-07-04 20:00:00-05:00,2026-07-04 20:15:00-05:00,HB_HOUSTON,Trading Hub,REAL_TIME_15_MIN,51.59
2026-07-04 20:15:00-05:00,2026-07-04 20:15:00-05:00,2026-07-04 20:30:00-05:00,HB_HOUSTON,Trading Hub,REAL_TIME_15_MIN,51.35
2026-07-04 20:30:00-05:00,2026-07-04 20:30:00-05:00,2026-07-04 20:45:00-05:00,HB_HOUSTON,Trading Hub,REAL_TIME_15_MIN,49.71
2026-07-04 20:45:00-05:00,2026-07-04 20:45:00-05:00,2026-07-04 21:00:00-05:00,HB_HOUSTON,Trading Hub,REAL_TIME_15_MIN,51.24
2026-07-04 21:00:00-05:00,2026-07-04 21:00:00-05:00,2026-07-04 21:15:00-05:00,HB_HOUSTON,Trading Hub,REAL_TIME_15_MIN,60.7
2026-07-04 21:15:00-05:00,2026-07-04 21:15:00-05:00,2026-07-04 21:30:00-05:00,HB_HOUSTON,Trading Hub,REAL_TIME_15_MIN,54.07
2026-07-04 21:30:00-05:00,2026-07-04 21:30:00-05:00,2026-07-04 21:45:00-05:00,HB_HOUSTON,Trading Hub,REAL_TIME_15_MIN,42.38
2026-07-04 21:45:00-05:00,2026-07-04 21:45:00-05:00,2026-07-04 22:00:00-05:00,HB_HOUSTON,Trading Hub,REAL_TIME_15_MIN,37.52
2026-07-04 22:00:00-05:00,2026-07-04 22:00:00-05:00,2026-07-04 22:15:00-05:00,HB_HOUSTON,Trading Hub,REAL_TIME_15_MIN,40.53
2026-07-04 22:15:00-05:00,2026-07-04 22:15:00-05:00,2026-07-04 22:30:00-05:00,HB_HOUSTON,Trading Hub,REAL_TIME_15_MIN,41.24
2026-07-04 22:30:00-05:00,2026-07-04 22:30:00-05:00,2026-07-04 22:45:00-05:00,HB_HOUSTON,Trading Hub,REAL_TIME_15_MIN,36.35
2026-07-04 22:45:00-05:00,2026-07-04 22:45:00-05:00,2026-07-04 23:00:00-05:00,HB_HOUSTON,Trading Hub,REAL_TIME_15_MIN,32.09
2026-07-04 23:00:00-05:00,2026-07-04 23:00:00-05:00,2026-07-04 23:15:00-05:00,HB_HOUSTON,Trading Hub,REAL_TIME_15_MIN,37.89
2026-07-04 23:15:00-05:00,2026-07-04 23:15:00-05:00,2026-07-04 23:30:00-05:00,HB_HOUSTON,Trading Hub,REAL_TIME_15_MIN,34.32
2026-07-04 23:30:00-05:00,2026-07-04 23:30:00-05:00,2026-07-04 23:45:00-05:00,HB_HOUSTON,Trading Hub,REAL_TIME_15_MIN,29.28
2026-07-04 23:45:00-05:00,2026-07-04 23:45:00-05:00,2026-07-05 00:00:00-05:00,HB_HOUSTON,Trading Hub,REAL_TIME_15_MIN,28.21
